product_id,language,name,description,long_description,created_at,updated_at
13,en,Keychains Core Kit 1,"Quality keychains items for party, gift & seasonal needs.","Quality keychains items for party, gift & seasonal needs. Designed for daily use.",2026-02-17 16:04:52.480606,2026-02-17 16:04:52.480606
13,ar,ميداليات مجموعة أساسية 1,منتجات ميداليات بجودة عالية ضمن فئة حفلات وهدايا وموسمي.,منتجات ميداليات بجودة عالية ضمن فئة حفلات وهدايا وموسمي. مناسبة للاستخدام اليومي.,2026-02-17 16:04:52.480606,2026-02-17 16:04:52.480606
14,en,Keychains Pro Pack 2,"Quality keychains items for party, gift & seasonal needs.","Quality keychains items for party, gift & seasonal needs. Designed for daily use.",2026-02-17 16:04:52.480606,2026-02-17 16:04:52.480606
14,ar,ميداليات باقة متقدمة 2,منتجات ميداليات بجودة عالية ضمن فئة حفلات وهدايا وموسمي.,منتجات ميداليات بجودة عالية ضمن فئة حفلات وهدايا وموسمي. مناسبة للاستخدام اليومي.,2026-02-17 16:04:52.480606,2026-02-17 16:04:52.480606
15,en,Keychains Edition 3,"Quality keychains items for party, gift & seasonal needs.","Quality keychains items for party, gift & seasonal needs. Designed for daily use.",2026-02-17 16:04:52.480606,2026-02-17 16:04:52.480606
15,ar,ميداليات إصدار 3,منتجات ميداليات بجودة عالية ضمن فئة حفلات وهدايا وموسمي.,منتجات ميداليات بجودة عالية ضمن فئة حفلات وهدايا وموسمي. مناسبة للاستخدام اليومي.,2026-02-17 16:04:52.480606,2026-02-17 16:04:52.480606
16,en,Keychains Edition 4,"Quality keychains items for party, gift & seasonal needs.","Quality keychains items for party, gift & seasonal needs. Designed for daily use.",2026-02-17 16:04:52.480606,2026-02-17 16:04:52.480606
16,ar,ميداليات إصدار 4,منتجات ميداليات بجودة عالية ضمن فئة حفلات وهدايا وموسمي.,منتجات ميداليات بجودة عالية ضمن فئة حفلات وهدايا وموسمي. مناسبة للاستخدام اليومي.,2026-02-17 16:04:52.480606,2026-02-17 16:04:52.480606
17,en,Keychains Edition 5,"Quality keychains items for party, gift & seasonal needs.","Quality keychains items for party, gift & seasonal needs. Designed for daily use.",2026-02-17 16:04:52.480606,2026-02-17 16:04:52.480606
17,ar,ميداليات إصدار 5,منتجات ميداليات بجودة عالية ضمن فئة حفلات وهدايا وموسمي.,منتجات ميداليات بجودة عالية ضمن فئة حفلات وهدايا وموسمي. مناسبة للاستخدام اليومي.,2026-02-17 16:04:52.480606,2026-02-17 16:04:52.480606
18,en,Keychains Edition 6,"Quality keychains items for party, gift & seasonal needs.","Quality keychains items for party, gift & seasonal needs. Designed for daily use.",2026-02-17 16:04:52.480606,2026-02-17 16:04:52.480606
18,ar,ميداليات إصدار 6,منتجات ميداليات بجودة عالية ضمن فئة حفلات وهدايا وموسمي.,منتجات ميداليات بجودة عالية ضمن فئة حفلات وهدايا وموسمي. مناسبة للاستخدام اليومي.,2026-02-17 16:04:52.480606,2026-02-17 16:04:52.480606
19,en,Keychains Edition 7,"Quality keychains items for party, gift & seasonal needs.","Quality keychains items for party, gift & seasonal needs. Designed for daily use.",2026-02-17 16:04:52.480606,2026-02-17 16:04:52.480606
19,ar,ميداليات إصدار 7,منتجات ميداليات بجودة عالية ضمن فئة حفلات وهدايا وموسمي.,منتجات ميداليات بجودة عالية ضمن فئة حفلات وهدايا وموسمي. مناسبة للاستخدام اليومي.,2026-02-17 16:04:52.480606,2026-02-17 16:04:52.480606
20,en,Keychains Edition 8,"Quality keychains items for party, gift & seasonal needs.","Quality keychains items for party, gift & seasonal needs. Designed for daily use.",2026-02-17 16:04:52.480606,2026-02-17 16:04:52.480606
20,ar,ميداليات إصدار 8,منتجات ميداليات بجودة عالية ضمن فئة حفلات وهدايا وموسمي.,منتجات ميداليات بجودة عالية ضمن فئة حفلات وهدايا وموسمي. مناسبة للاستخدام اليومي.,2026-02-17 16:04:52.480606,2026-02-17 16:04:52.480606
21,en,Watches Core Kit 1,"Quality watches items for party, gift & seasonal needs.","Quality watches items for party, gift & seasonal needs. Designed for daily use.",2026-02-17 16:04:52.480606,2026-02-17 16:04:52.480606
21,ar,ساعات مجموعة أساسية 1,منتجات ساعات بجودة عالية ضمن فئة حفلات وهدايا وموسمي.,منتجات ساعات بجودة عالية ضمن فئة حفلات وهدايا وموسمي. مناسبة للاستخدام اليومي.,2026-02-17 16:04:52.480606,2026-02-17 16:04:52.480606
22,en,Watches Pro Pack 2,"Quality watches items for party, gift & seasonal needs.","Quality watches items for party, gift & seasonal needs. Designed for daily use.",2026-02-17 16:04:52.480606,2026-02-17 16:04:52.480606
22,ar,ساعات باقة متقدمة 2,منتجات ساعات بجودة عالية ضمن فئة حفلات وهدايا وموسمي.,منتجات ساعات بجودة عالية ضمن فئة حفلات وهدايا وموسمي. مناسبة للاستخدام اليومي.,2026-02-17 16:04:52.480606,2026-02-17 16:04:52.480606
23,en,Watches Edition 3,"Quality watches items for party, gift & seasonal needs.","Quality watches items for party, gift & seasonal needs. Designed for daily use.",2026-02-17 16:04:52.480606,2026-02-17 16:04:52.480606
23,ar,ساعات إصدار 3,منتجات ساعات بجودة عالية ضمن فئة حفلات وهدايا وموسمي.,منتجات ساعات بجودة عالية ضمن فئة حفلات وهدايا وموسمي. مناسبة للاستخدام اليومي.,2026-02-17 16:04:52.480606,2026-02-17 16:04:52.480606
24,en,Watches Edition 4,"Quality watches items for party, gift & seasonal needs.","Quality watches items for party, gift & seasonal needs. Designed for daily use.",2026-02-17 16:04:52.480606,2026-02-17 16:04:52.480606
24,ar,ساعات إصدار 4,منتجات ساعات بجودة عالية ضمن فئة حفلات وهدايا وموسمي.,منتجات ساعات بجودة عالية ضمن فئة حفلات وهدايا وموسمي. مناسبة للاستخدام اليومي.,2026-02-17 16:04:52.480606,2026-02-17 16:04:52.480606
25,en,Watches Edition 5,"Quality watches items for party, gift & seasonal needs.","Quality watches items for party, gift & seasonal needs. Designed for daily use.",2026-02-17 16:04:52.480606,2026-02-17 16:04:52.480606
25,ar,ساعات إصدار 5,منتجات ساعات بجودة عالية ضمن فئة حفلات وهدايا وموسمي.,منتجات ساعات بجودة عالية ضمن فئة حفلات وهدايا وموسمي. مناسبة للاستخدام اليومي.,2026-02-17 16:04:52.480606,2026-02-17 16:04:52.480606
26,en,Watches Edition 6,"Quality watches items for party, gift & seasonal needs.","Quality watches items for party, gift & seasonal needs. Designed for daily use.",2026-02-17 16:04:52.480606,2026-02-17 16:04:52.480606
26,ar,ساعات إصدار 6,منتجات ساعات بجودة عالية ضمن فئة حفلات وهدايا وموسمي.,منتجات ساعات بجودة عالية ضمن فئة حفلات وهدايا وموسمي. مناسبة للاستخدام اليومي.,2026-02-17 16:04:52.480606,2026-02-17 16:04:52.480606
27,en,Badges Core Kit 1,"Quality badges items for party, gift & seasonal needs.","Quality badges items for party, gift & seasonal needs. Designed for daily use.",2026-02-17 16:04:52.480606,2026-02-17 16:04:52.480606
71,en,Water Bottles Edition 10,Quality water bottles items for school essentials needs.,Quality water bottles items for school essentials needs. Designed for daily use.,2026-02-17 16:04:52.480606,2026-02-17 16:04:52.480606
27,ar,بدجات مجموعة أساسية 1,منتجات بدجات بجودة عالية ضمن فئة حفلات وهدايا وموسمي.,منتجات بدجات بجودة عالية ضمن فئة حفلات وهدايا وموسمي. مناسبة للاستخدام اليومي.,2026-02-17 16:04:52.480606,2026-02-17 16:04:52.480606
28,en,Badges Pro Pack 2,"Quality badges items for party, gift & seasonal needs.","Quality badges items for party, gift & seasonal needs. Designed for daily use.",2026-02-17 16:04:52.480606,2026-02-17 16:04:52.480606
28,ar,بدجات باقة متقدمة 2,منتجات بدجات بجودة عالية ضمن فئة حفلات وهدايا وموسمي.,منتجات بدجات بجودة عالية ضمن فئة حفلات وهدايا وموسمي. مناسبة للاستخدام اليومي.,2026-02-17 16:04:52.480606,2026-02-17 16:04:52.480606
29,en,Badges Edition 3,"Quality badges items for party, gift & seasonal needs.","Quality badges items for party, gift & seasonal needs. Designed for daily use.",2026-02-17 16:04:52.480606,2026-02-17 16:04:52.480606
29,ar,بدجات إصدار 3,منتجات بدجات بجودة عالية ضمن فئة حفلات وهدايا وموسمي.,منتجات بدجات بجودة عالية ضمن فئة حفلات وهدايا وموسمي. مناسبة للاستخدام اليومي.,2026-02-17 16:04:52.480606,2026-02-17 16:04:52.480606
30,en,Badges Edition 4,"Quality badges items for party, gift & seasonal needs.","Quality badges items for party, gift & seasonal needs. Designed for daily use.",2026-02-17 16:04:52.480606,2026-02-17 16:04:52.480606
30,ar,بدجات إصدار 4,منتجات بدجات بجودة عالية ضمن فئة حفلات وهدايا وموسمي.,منتجات بدجات بجودة عالية ضمن فئة حفلات وهدايا وموسمي. مناسبة للاستخدام اليومي.,2026-02-17 16:04:52.480606,2026-02-17 16:04:52.480606
31,en,Badges Edition 5,"Quality badges items for party, gift & seasonal needs.","Quality badges items for party, gift & seasonal needs. Designed for daily use.",2026-02-17 16:04:52.480606,2026-02-17 16:04:52.480606
31,ar,بدجات إصدار 5,منتجات بدجات بجودة عالية ضمن فئة حفلات وهدايا وموسمي.,منتجات بدجات بجودة عالية ضمن فئة حفلات وهدايا وموسمي. مناسبة للاستخدام اليومي.,2026-02-17 16:04:52.480606,2026-02-17 16:04:52.480606
32,en,Badges Edition 6,"Quality badges items for party, gift & seasonal needs.","Quality badges items for party, gift & seasonal needs. Designed for daily use.",2026-02-17 16:04:52.480606,2026-02-17 16:04:52.480606
32,ar,بدجات إصدار 6,منتجات بدجات بجودة عالية ضمن فئة حفلات وهدايا وموسمي.,منتجات بدجات بجودة عالية ضمن فئة حفلات وهدايا وموسمي. مناسبة للاستخدام اليومي.,2026-02-17 16:04:52.480606,2026-02-17 16:04:52.480606
33,en,Frames Core Kit 1,"Quality frames items for party, gift & seasonal needs.","Quality frames items for party, gift & seasonal needs. Designed for daily use.",2026-02-17 16:04:52.480606,2026-02-17 16:04:52.480606
33,ar,براويز مجموعة أساسية 1,منتجات براويز بجودة عالية ضمن فئة حفلات وهدايا وموسمي.,منتجات براويز بجودة عالية ضمن فئة حفلات وهدايا وموسمي. مناسبة للاستخدام اليومي.,2026-02-17 16:04:52.480606,2026-02-17 16:04:52.480606
34,en,Frames Pro Pack 2,"Quality frames items for party, gift & seasonal needs.","Quality frames items for party, gift & seasonal needs. Designed for daily use.",2026-02-17 16:04:52.480606,2026-02-17 16:04:52.480606
34,ar,براويز باقة متقدمة 2,منتجات براويز بجودة عالية ضمن فئة حفلات وهدايا وموسمي.,منتجات براويز بجودة عالية ضمن فئة حفلات وهدايا وموسمي. مناسبة للاستخدام اليومي.,2026-02-17 16:04:52.480606,2026-02-17 16:04:52.480606
35,en,Frames Edition 3,"Quality frames items for party, gift & seasonal needs.","Quality frames items for party, gift & seasonal needs. Designed for daily use.",2026-02-17 16:04:52.480606,2026-02-17 16:04:52.480606
35,ar,براويز إصدار 3,منتجات براويز بجودة عالية ضمن فئة حفلات وهدايا وموسمي.,منتجات براويز بجودة عالية ضمن فئة حفلات وهدايا وموسمي. مناسبة للاستخدام اليومي.,2026-02-17 16:04:52.480606,2026-02-17 16:04:52.480606
36,en,Balloons Core Kit 1,"Quality balloons items for party, gift & seasonal needs.","Quality balloons items for party, gift & seasonal needs. Designed for daily use.",2026-02-17 16:04:52.480606,2026-02-17 16:04:52.480606
36,ar,بالونات مجموعة أساسية 1,منتجات بالونات بجودة عالية ضمن فئة حفلات وهدايا وموسمي.,منتجات بالونات بجودة عالية ضمن فئة حفلات وهدايا وموسمي. مناسبة للاستخدام اليومي.,2026-02-17 16:04:52.480606,2026-02-17 16:04:52.480606
37,en,Balloons Pro Pack 2,"Quality balloons items for party, gift & seasonal needs.","Quality balloons items for party, gift & seasonal needs. Designed for daily use.",2026-02-17 16:04:52.480606,2026-02-17 16:04:52.480606
37,ar,بالونات باقة متقدمة 2,منتجات بالونات بجودة عالية ضمن فئة حفلات وهدايا وموسمي.,منتجات بالونات بجودة عالية ضمن فئة حفلات وهدايا وموسمي. مناسبة للاستخدام اليومي.,2026-02-17 16:04:52.480606,2026-02-17 16:04:52.480606
38,en,Balloons Edition 3,"Quality balloons items for party, gift & seasonal needs.","Quality balloons items for party, gift & seasonal needs. Designed for daily use.",2026-02-17 16:04:52.480606,2026-02-17 16:04:52.480606
38,ar,بالونات إصدار 3,منتجات بالونات بجودة عالية ضمن فئة حفلات وهدايا وموسمي.,منتجات بالونات بجودة عالية ضمن فئة حفلات وهدايا وموسمي. مناسبة للاستخدام اليومي.,2026-02-17 16:04:52.480606,2026-02-17 16:04:52.480606
39,en,Balloons Edition 4,"Quality balloons items for party, gift & seasonal needs.","Quality balloons items for party, gift & seasonal needs. Designed for daily use.",2026-02-17 16:04:52.480606,2026-02-17 16:04:52.480606
39,ar,بالونات إصدار 4,منتجات بالونات بجودة عالية ضمن فئة حفلات وهدايا وموسمي.,منتجات بالونات بجودة عالية ضمن فئة حفلات وهدايا وموسمي. مناسبة للاستخدام اليومي.,2026-02-17 16:04:52.480606,2026-02-17 16:04:52.480606
40,en,Balloons Edition 5,"Quality balloons items for party, gift & seasonal needs.","Quality balloons items for party, gift & seasonal needs. Designed for daily use.",2026-02-17 16:04:52.480606,2026-02-17 16:04:52.480606
40,ar,بالونات إصدار 5,منتجات بالونات بجودة عالية ضمن فئة حفلات وهدايا وموسمي.,منتجات بالونات بجودة عالية ضمن فئة حفلات وهدايا وموسمي. مناسبة للاستخدام اليومي.,2026-02-17 16:04:52.480606,2026-02-17 16:04:52.480606
41,en,Balloons Edition 6,"Quality balloons items for party, gift & seasonal needs.","Quality balloons items for party, gift & seasonal needs. Designed for daily use.",2026-02-17 16:04:52.480606,2026-02-17 16:04:52.480606
41,ar,بالونات إصدار 6,منتجات بالونات بجودة عالية ضمن فئة حفلات وهدايا وموسمي.,منتجات بالونات بجودة عالية ضمن فئة حفلات وهدايا وموسمي. مناسبة للاستخدام اليومي.,2026-02-17 16:04:52.480606,2026-02-17 16:04:52.480606
42,en,Balloons Edition 7,"Quality balloons items for party, gift & seasonal needs.","Quality balloons items for party, gift & seasonal needs. Designed for daily use.",2026-02-17 16:04:52.480606,2026-02-17 16:04:52.480606
42,ar,بالونات إصدار 7,منتجات بالونات بجودة عالية ضمن فئة حفلات وهدايا وموسمي.,منتجات بالونات بجودة عالية ضمن فئة حفلات وهدايا وموسمي. مناسبة للاستخدام اليومي.,2026-02-17 16:04:52.480606,2026-02-17 16:04:52.480606
43,en,Balloons Edition 8,"Quality balloons items for party, gift & seasonal needs.","Quality balloons items for party, gift & seasonal needs. Designed for daily use.",2026-02-17 16:04:52.480606,2026-02-17 16:04:52.480606
43,ar,بالونات إصدار 8,منتجات بالونات بجودة عالية ضمن فئة حفلات وهدايا وموسمي.,منتجات بالونات بجودة عالية ضمن فئة حفلات وهدايا وموسمي. مناسبة للاستخدام اليومي.,2026-02-17 16:04:52.480606,2026-02-17 16:04:52.480606
44,en,Posters Core Kit 1,"Quality posters items for party, gift & seasonal needs.","Quality posters items for party, gift & seasonal needs. Designed for daily use.",2026-02-17 16:04:52.480606,2026-02-17 16:04:52.480606
44,ar,بوسترات مجموعة أساسية 1,منتجات بوسترات بجودة عالية ضمن فئة حفلات وهدايا وموسمي.,منتجات بوسترات بجودة عالية ضمن فئة حفلات وهدايا وموسمي. مناسبة للاستخدام اليومي.,2026-02-17 16:04:52.480606,2026-02-17 16:04:52.480606
45,en,Posters Pro Pack 2,"Quality posters items for party, gift & seasonal needs.","Quality posters items for party, gift & seasonal needs. Designed for daily use.",2026-02-17 16:04:52.480606,2026-02-17 16:04:52.480606
45,ar,بوسترات باقة متقدمة 2,منتجات بوسترات بجودة عالية ضمن فئة حفلات وهدايا وموسمي.,منتجات بوسترات بجودة عالية ضمن فئة حفلات وهدايا وموسمي. مناسبة للاستخدام اليومي.,2026-02-17 16:04:52.480606,2026-02-17 16:04:52.480606
46,en,Posters Edition 3,"Quality posters items for party, gift & seasonal needs.","Quality posters items for party, gift & seasonal needs. Designed for daily use.",2026-02-17 16:04:52.480606,2026-02-17 16:04:52.480606
46,ar,بوسترات إصدار 3,منتجات بوسترات بجودة عالية ضمن فئة حفلات وهدايا وموسمي.,منتجات بوسترات بجودة عالية ضمن فئة حفلات وهدايا وموسمي. مناسبة للاستخدام اليومي.,2026-02-17 16:04:52.480606,2026-02-17 16:04:52.480606
47,en,Posters Edition 4,"Quality posters items for party, gift & seasonal needs.","Quality posters items for party, gift & seasonal needs. Designed for daily use.",2026-02-17 16:04:52.480606,2026-02-17 16:04:52.480606
47,ar,بوسترات إصدار 4,منتجات بوسترات بجودة عالية ضمن فئة حفلات وهدايا وموسمي.,منتجات بوسترات بجودة عالية ضمن فئة حفلات وهدايا وموسمي. مناسبة للاستخدام اليومي.,2026-02-17 16:04:52.480606,2026-02-17 16:04:52.480606
48,en,Posters Edition 5,"Quality posters items for party, gift & seasonal needs.","Quality posters items for party, gift & seasonal needs. Designed for daily use.",2026-02-17 16:04:52.480606,2026-02-17 16:04:52.480606
48,ar,بوسترات إصدار 5,منتجات بوسترات بجودة عالية ضمن فئة حفلات وهدايا وموسمي.,منتجات بوسترات بجودة عالية ضمن فئة حفلات وهدايا وموسمي. مناسبة للاستخدام اليومي.,2026-02-17 16:04:52.480606,2026-02-17 16:04:52.480606
49,en,Posters Edition 6,"Quality posters items for party, gift & seasonal needs.","Quality posters items for party, gift & seasonal needs. Designed for daily use.",2026-02-17 16:04:52.480606,2026-02-17 16:04:52.480606
49,ar,بوسترات إصدار 6,منتجات بوسترات بجودة عالية ضمن فئة حفلات وهدايا وموسمي.,منتجات بوسترات بجودة عالية ضمن فئة حفلات وهدايا وموسمي. مناسبة للاستخدام اليومي.,2026-02-17 16:04:52.480606,2026-02-17 16:04:52.480606
50,en,Ramadan Lanterns Core Kit 1,"Quality ramadan lanterns items for party, gift & seasonal needs.","Quality ramadan lanterns items for party, gift & seasonal needs. Designed for daily use.",2026-02-17 16:04:52.480606,2026-02-17 16:04:52.480606
50,ar,فوانيس رمضان مجموعة أساسية 1,منتجات فوانيس رمضان بجودة عالية ضمن فئة حفلات وهدايا وموسمي.,منتجات فوانيس رمضان بجودة عالية ضمن فئة حفلات وهدايا وموسمي. مناسبة للاستخدام اليومي.,2026-02-17 16:04:52.480606,2026-02-17 16:04:52.480606
51,en,Ramadan Lanterns Pro Pack 2,"Quality ramadan lanterns items for party, gift & seasonal needs.","Quality ramadan lanterns items for party, gift & seasonal needs. Designed for daily use.",2026-02-17 16:04:52.480606,2026-02-17 16:04:52.480606
51,ar,فوانيس رمضان باقة متقدمة 2,منتجات فوانيس رمضان بجودة عالية ضمن فئة حفلات وهدايا وموسمي.,منتجات فوانيس رمضان بجودة عالية ضمن فئة حفلات وهدايا وموسمي. مناسبة للاستخدام اليومي.,2026-02-17 16:04:52.480606,2026-02-17 16:04:52.480606
52,en,Ramadan Lanterns Edition 3,"Quality ramadan lanterns items for party, gift & seasonal needs.","Quality ramadan lanterns items for party, gift & seasonal needs. Designed for daily use.",2026-02-17 16:04:52.480606,2026-02-17 16:04:52.480606
52,ar,فوانيس رمضان إصدار 3,منتجات فوانيس رمضان بجودة عالية ضمن فئة حفلات وهدايا وموسمي.,منتجات فوانيس رمضان بجودة عالية ضمن فئة حفلات وهدايا وموسمي. مناسبة للاستخدام اليومي.,2026-02-17 16:04:52.480606,2026-02-17 16:04:52.480606
53,en,Ramadan Lanterns Edition 4,"Quality ramadan lanterns items for party, gift & seasonal needs.","Quality ramadan lanterns items for party, gift & seasonal needs. Designed for daily use.",2026-02-17 16:04:52.480606,2026-02-17 16:04:52.480606
53,ar,فوانيس رمضان إصدار 4,منتجات فوانيس رمضان بجودة عالية ضمن فئة حفلات وهدايا وموسمي.,منتجات فوانيس رمضان بجودة عالية ضمن فئة حفلات وهدايا وموسمي. مناسبة للاستخدام اليومي.,2026-02-17 16:04:52.480606,2026-02-17 16:04:52.480606
54,en,Ramadan Lanterns Edition 5,"Quality ramadan lanterns items for party, gift & seasonal needs.","Quality ramadan lanterns items for party, gift & seasonal needs. Designed for daily use.",2026-02-17 16:04:52.480606,2026-02-17 16:04:52.480606
54,ar,فوانيس رمضان إصدار 5,منتجات فوانيس رمضان بجودة عالية ضمن فئة حفلات وهدايا وموسمي.,منتجات فوانيس رمضان بجودة عالية ضمن فئة حفلات وهدايا وموسمي. مناسبة للاستخدام اليومي.,2026-02-17 16:04:52.480606,2026-02-17 16:04:52.480606
55,en,Ramadan Lanterns Edition 6,"Quality ramadan lanterns items for party, gift & seasonal needs.","Quality ramadan lanterns items for party, gift & seasonal needs. Designed for daily use.",2026-02-17 16:04:52.480606,2026-02-17 16:04:52.480606
55,ar,فوانيس رمضان إصدار 6,منتجات فوانيس رمضان بجودة عالية ضمن فئة حفلات وهدايا وموسمي.,منتجات فوانيس رمضان بجودة عالية ضمن فئة حفلات وهدايا وموسمي. مناسبة للاستخدام اليومي.,2026-02-17 16:04:52.480606,2026-02-17 16:04:52.480606
56,en,Ramadan Lanterns Edition 7,"Quality ramadan lanterns items for party, gift & seasonal needs.","Quality ramadan lanterns items for party, gift & seasonal needs. Designed for daily use.",2026-02-17 16:04:52.480606,2026-02-17 16:04:52.480606
56,ar,فوانيس رمضان إصدار 7,منتجات فوانيس رمضان بجودة عالية ضمن فئة حفلات وهدايا وموسمي.,منتجات فوانيس رمضان بجودة عالية ضمن فئة حفلات وهدايا وموسمي. مناسبة للاستخدام اليومي.,2026-02-17 16:04:52.480606,2026-02-17 16:04:52.480606
57,en,Ramadan Lanterns Edition 8,"Quality ramadan lanterns items for party, gift & seasonal needs.","Quality ramadan lanterns items for party, gift & seasonal needs. Designed for daily use.",2026-02-17 16:04:52.480606,2026-02-17 16:04:52.480606
57,ar,فوانيس رمضان إصدار 8,منتجات فوانيس رمضان بجودة عالية ضمن فئة حفلات وهدايا وموسمي.,منتجات فوانيس رمضان بجودة عالية ضمن فئة حفلات وهدايا وموسمي. مناسبة للاستخدام اليومي.,2026-02-17 16:04:52.480606,2026-02-17 16:04:52.480606
58,en,Certificates Core Kit 1,"Quality certificates items for party, gift & seasonal needs.","Quality certificates items for party, gift & seasonal needs. Designed for daily use.",2026-02-17 16:04:52.480606,2026-02-17 16:04:52.480606
58,ar,شهادات مجموعة أساسية 1,منتجات شهادات بجودة عالية ضمن فئة حفلات وهدايا وموسمي.,منتجات شهادات بجودة عالية ضمن فئة حفلات وهدايا وموسمي. مناسبة للاستخدام اليومي.,2026-02-17 16:04:52.480606,2026-02-17 16:04:52.480606
59,en,Certificates Pro Pack 2,"Quality certificates items for party, gift & seasonal needs.","Quality certificates items for party, gift & seasonal needs. Designed for daily use.",2026-02-17 16:04:52.480606,2026-02-17 16:04:52.480606
59,ar,شهادات باقة متقدمة 2,منتجات شهادات بجودة عالية ضمن فئة حفلات وهدايا وموسمي.,منتجات شهادات بجودة عالية ضمن فئة حفلات وهدايا وموسمي. مناسبة للاستخدام اليومي.,2026-02-17 16:04:52.480606,2026-02-17 16:04:52.480606
60,en,Certificates Edition 3,"Quality certificates items for party, gift & seasonal needs.","Quality certificates items for party, gift & seasonal needs. Designed for daily use.",2026-02-17 16:04:52.480606,2026-02-17 16:04:52.480606
60,ar,شهادات إصدار 3,منتجات شهادات بجودة عالية ضمن فئة حفلات وهدايا وموسمي.,منتجات شهادات بجودة عالية ضمن فئة حفلات وهدايا وموسمي. مناسبة للاستخدام اليومي.,2026-02-17 16:04:52.480606,2026-02-17 16:04:52.480606
61,en,Certificates Edition 4,"Quality certificates items for party, gift & seasonal needs.","Quality certificates items for party, gift & seasonal needs. Designed for daily use.",2026-02-17 16:04:52.480606,2026-02-17 16:04:52.480606
61,ar,شهادات إصدار 4,منتجات شهادات بجودة عالية ضمن فئة حفلات وهدايا وموسمي.,منتجات شهادات بجودة عالية ضمن فئة حفلات وهدايا وموسمي. مناسبة للاستخدام اليومي.,2026-02-17 16:04:52.480606,2026-02-17 16:04:52.480606
62,en,Water Bottles Core Kit 1,Quality water bottles items for school essentials needs.,Quality water bottles items for school essentials needs. Designed for daily use.,2026-02-17 16:04:52.480606,2026-02-17 16:04:52.480606
62,ar,زمزميات مجموعة أساسية 1,منتجات زمزميات بجودة عالية ضمن فئة مستلزمات المدرسة.,منتجات زمزميات بجودة عالية ضمن فئة مستلزمات المدرسة. مناسبة للاستخدام اليومي.,2026-02-17 16:04:52.480606,2026-02-17 16:04:52.480606
63,en,Water Bottles Pro Pack 2,Quality water bottles items for school essentials needs.,Quality water bottles items for school essentials needs. Designed for daily use.,2026-02-17 16:04:52.480606,2026-02-17 16:04:52.480606
63,ar,زمزميات باقة متقدمة 2,منتجات زمزميات بجودة عالية ضمن فئة مستلزمات المدرسة.,منتجات زمزميات بجودة عالية ضمن فئة مستلزمات المدرسة. مناسبة للاستخدام اليومي.,2026-02-17 16:04:52.480606,2026-02-17 16:04:52.480606
64,en,Water Bottles Edition 3,Quality water bottles items for school essentials needs.,Quality water bottles items for school essentials needs. Designed for daily use.,2026-02-17 16:04:52.480606,2026-02-17 16:04:52.480606
64,ar,زمزميات إصدار 3,منتجات زمزميات بجودة عالية ضمن فئة مستلزمات المدرسة.,منتجات زمزميات بجودة عالية ضمن فئة مستلزمات المدرسة. مناسبة للاستخدام اليومي.,2026-02-17 16:04:52.480606,2026-02-17 16:04:52.480606
65,en,Water Bottles Edition 4,Quality water bottles items for school essentials needs.,Quality water bottles items for school essentials needs. Designed for daily use.,2026-02-17 16:04:52.480606,2026-02-17 16:04:52.480606
65,ar,زمزميات إصدار 4,منتجات زمزميات بجودة عالية ضمن فئة مستلزمات المدرسة.,منتجات زمزميات بجودة عالية ضمن فئة مستلزمات المدرسة. مناسبة للاستخدام اليومي.,2026-02-17 16:04:52.480606,2026-02-17 16:04:52.480606
66,en,Water Bottles Edition 5,Quality water bottles items for school essentials needs.,Quality water bottles items for school essentials needs. Designed for daily use.,2026-02-17 16:04:52.480606,2026-02-17 16:04:52.480606
66,ar,زمزميات إصدار 5,منتجات زمزميات بجودة عالية ضمن فئة مستلزمات المدرسة.,منتجات زمزميات بجودة عالية ضمن فئة مستلزمات المدرسة. مناسبة للاستخدام اليومي.,2026-02-17 16:04:52.480606,2026-02-17 16:04:52.480606
67,en,Water Bottles Edition 6,Quality water bottles items for school essentials needs.,Quality water bottles items for school essentials needs. Designed for daily use.,2026-02-17 16:04:52.480606,2026-02-17 16:04:52.480606
67,ar,زمزميات إصدار 6,منتجات زمزميات بجودة عالية ضمن فئة مستلزمات المدرسة.,منتجات زمزميات بجودة عالية ضمن فئة مستلزمات المدرسة. مناسبة للاستخدام اليومي.,2026-02-17 16:04:52.480606,2026-02-17 16:04:52.480606
68,en,Water Bottles Edition 7,Quality water bottles items for school essentials needs.,Quality water bottles items for school essentials needs. Designed for daily use.,2026-02-17 16:04:52.480606,2026-02-17 16:04:52.480606
68,ar,زمزميات إصدار 7,منتجات زمزميات بجودة عالية ضمن فئة مستلزمات المدرسة.,منتجات زمزميات بجودة عالية ضمن فئة مستلزمات المدرسة. مناسبة للاستخدام اليومي.,2026-02-17 16:04:52.480606,2026-02-17 16:04:52.480606
69,en,Water Bottles Edition 8,Quality water bottles items for school essentials needs.,Quality water bottles items for school essentials needs. Designed for daily use.,2026-02-17 16:04:52.480606,2026-02-17 16:04:52.480606
69,ar,زمزميات إصدار 8,منتجات زمزميات بجودة عالية ضمن فئة مستلزمات المدرسة.,منتجات زمزميات بجودة عالية ضمن فئة مستلزمات المدرسة. مناسبة للاستخدام اليومي.,2026-02-17 16:04:52.480606,2026-02-17 16:04:52.480606
70,en,Water Bottles Edition 9,Quality water bottles items for school essentials needs.,Quality water bottles items for school essentials needs. Designed for daily use.,2026-02-17 16:04:52.480606,2026-02-17 16:04:52.480606
70,ar,زمزميات إصدار 9,منتجات زمزميات بجودة عالية ضمن فئة مستلزمات المدرسة.,منتجات زمزميات بجودة عالية ضمن فئة مستلزمات المدرسة. مناسبة للاستخدام اليومي.,2026-02-17 16:04:52.480606,2026-02-17 16:04:52.480606
71,ar,زمزميات إصدار 10,منتجات زمزميات بجودة عالية ضمن فئة مستلزمات المدرسة.,منتجات زمزميات بجودة عالية ضمن فئة مستلزمات المدرسة. مناسبة للاستخدام اليومي.,2026-02-17 16:04:52.480606,2026-02-17 16:04:52.480606
72,en,Lunchboxes Core Kit 1,Quality lunchboxes items for school essentials needs.,Quality lunchboxes items for school essentials needs. Designed for daily use.,2026-02-17 16:04:52.480606,2026-02-17 16:04:52.480606
72,ar,لانش بوكس مجموعة أساسية 1,منتجات لانش بوكس بجودة عالية ضمن فئة مستلزمات المدرسة.,منتجات لانش بوكس بجودة عالية ضمن فئة مستلزمات المدرسة. مناسبة للاستخدام اليومي.,2026-02-17 16:04:52.480606,2026-02-17 16:04:52.480606
73,en,Lunchboxes Pro Pack 2,Quality lunchboxes items for school essentials needs.,Quality lunchboxes items for school essentials needs. Designed for daily use.,2026-02-17 16:04:52.480606,2026-02-17 16:04:52.480606
73,ar,لانش بوكس باقة متقدمة 2,منتجات لانش بوكس بجودة عالية ضمن فئة مستلزمات المدرسة.,منتجات لانش بوكس بجودة عالية ضمن فئة مستلزمات المدرسة. مناسبة للاستخدام اليومي.,2026-02-17 16:04:52.480606,2026-02-17 16:04:52.480606
74,en,Lunchboxes Edition 3,Quality lunchboxes items for school essentials needs.,Quality lunchboxes items for school essentials needs. Designed for daily use.,2026-02-17 16:04:52.480606,2026-02-17 16:04:52.480606
74,ar,لانش بوكس إصدار 3,منتجات لانش بوكس بجودة عالية ضمن فئة مستلزمات المدرسة.,منتجات لانش بوكس بجودة عالية ضمن فئة مستلزمات المدرسة. مناسبة للاستخدام اليومي.,2026-02-17 16:04:52.480606,2026-02-17 16:04:52.480606
75,en,Lunchboxes Edition 4,Quality lunchboxes items for school essentials needs.,Quality lunchboxes items for school essentials needs. Designed for daily use.,2026-02-17 16:04:52.480606,2026-02-17 16:04:52.480606
75,ar,لانش بوكس إصدار 4,منتجات لانش بوكس بجودة عالية ضمن فئة مستلزمات المدرسة.,منتجات لانش بوكس بجودة عالية ضمن فئة مستلزمات المدرسة. مناسبة للاستخدام اليومي.,2026-02-17 16:04:52.480606,2026-02-17 16:04:52.480606
76,en,Lunchboxes Edition 5,Quality lunchboxes items for school essentials needs.,Quality lunchboxes items for school essentials needs. Designed for daily use.,2026-02-17 16:04:52.480606,2026-02-17 16:04:52.480606
76,ar,لانش بوكس إصدار 5,منتجات لانش بوكس بجودة عالية ضمن فئة مستلزمات المدرسة.,منتجات لانش بوكس بجودة عالية ضمن فئة مستلزمات المدرسة. مناسبة للاستخدام اليومي.,2026-02-17 16:04:52.480606,2026-02-17 16:04:52.480606
77,en,Lunchboxes Edition 6,Quality lunchboxes items for school essentials needs.,Quality lunchboxes items for school essentials needs. Designed for daily use.,2026-02-17 16:04:52.480606,2026-02-17 16:04:52.480606
77,ar,لانش بوكس إصدار 6,منتجات لانش بوكس بجودة عالية ضمن فئة مستلزمات المدرسة.,منتجات لانش بوكس بجودة عالية ضمن فئة مستلزمات المدرسة. مناسبة للاستخدام اليومي.,2026-02-17 16:04:52.480606,2026-02-17 16:04:52.480606
78,en,Lunchboxes Edition 7,Quality lunchboxes items for school essentials needs.,Quality lunchboxes items for school essentials needs. Designed for daily use.,2026-02-17 16:04:52.480606,2026-02-17 16:04:52.480606
78,ar,لانش بوكس إصدار 7,منتجات لانش بوكس بجودة عالية ضمن فئة مستلزمات المدرسة.,منتجات لانش بوكس بجودة عالية ضمن فئة مستلزمات المدرسة. مناسبة للاستخدام اليومي.,2026-02-17 16:04:52.480606,2026-02-17 16:04:52.480606
79,en,Lunchboxes Edition 8,Quality lunchboxes items for school essentials needs.,Quality lunchboxes items for school essentials needs. Designed for daily use.,2026-02-17 16:04:52.480606,2026-02-17 16:04:52.480606
79,ar,لانش بوكس إصدار 8,منتجات لانش بوكس بجودة عالية ضمن فئة مستلزمات المدرسة.,منتجات لانش بوكس بجودة عالية ضمن فئة مستلزمات المدرسة. مناسبة للاستخدام اليومي.,2026-02-17 16:04:52.480606,2026-02-17 16:04:52.480606
80,en,Rulers Core Kit 1,Quality rulers items for school essentials needs.,Quality rulers items for school essentials needs. Designed for daily use.,2026-02-17 16:04:52.480606,2026-02-17 16:04:52.480606
80,ar,مساطر مجموعة أساسية 1,منتجات مساطر بجودة عالية ضمن فئة مستلزمات المدرسة.,منتجات مساطر بجودة عالية ضمن فئة مستلزمات المدرسة. مناسبة للاستخدام اليومي.,2026-02-17 16:04:52.480606,2026-02-17 16:04:52.480606
81,en,Rulers Pro Pack 2,Quality rulers items for school essentials needs.,Quality rulers items for school essentials needs. Designed for daily use.,2026-02-17 16:04:52.480606,2026-02-17 16:04:52.480606
81,ar,مساطر باقة متقدمة 2,منتجات مساطر بجودة عالية ضمن فئة مستلزمات المدرسة.,منتجات مساطر بجودة عالية ضمن فئة مستلزمات المدرسة. مناسبة للاستخدام اليومي.,2026-02-17 16:04:52.480606,2026-02-17 16:04:52.480606
82,en,Rulers Edition 3,Quality rulers items for school essentials needs.,Quality rulers items for school essentials needs. Designed for daily use.,2026-02-17 16:04:52.480606,2026-02-17 16:04:52.480606
82,ar,مساطر إصدار 3,منتجات مساطر بجودة عالية ضمن فئة مستلزمات المدرسة.,منتجات مساطر بجودة عالية ضمن فئة مستلزمات المدرسة. مناسبة للاستخدام اليومي.,2026-02-17 16:04:52.480606,2026-02-17 16:04:52.480606
83,en,Rulers Edition 4,Quality rulers items for school essentials needs.,Quality rulers items for school essentials needs. Designed for daily use.,2026-02-17 16:04:52.480606,2026-02-17 16:04:52.480606
83,ar,مساطر إصدار 4,منتجات مساطر بجودة عالية ضمن فئة مستلزمات المدرسة.,منتجات مساطر بجودة عالية ضمن فئة مستلزمات المدرسة. مناسبة للاستخدام اليومي.,2026-02-17 16:04:52.480606,2026-02-17 16:04:52.480606
84,en,Rulers Edition 5,Quality rulers items for school essentials needs.,Quality rulers items for school essentials needs. Designed for daily use.,2026-02-17 16:04:52.480606,2026-02-17 16:04:52.480606
84,ar,مساطر إصدار 5,منتجات مساطر بجودة عالية ضمن فئة مستلزمات المدرسة.,منتجات مساطر بجودة عالية ضمن فئة مستلزمات المدرسة. مناسبة للاستخدام اليومي.,2026-02-17 16:04:52.480606,2026-02-17 16:04:52.480606
85,en,Rulers Edition 6,Quality rulers items for school essentials needs.,Quality rulers items for school essentials needs. Designed for daily use.,2026-02-17 16:04:52.480606,2026-02-17 16:04:52.480606
85,ar,مساطر إصدار 6,منتجات مساطر بجودة عالية ضمن فئة مستلزمات المدرسة.,منتجات مساطر بجودة عالية ضمن فئة مستلزمات المدرسة. مناسبة للاستخدام اليومي.,2026-02-17 16:04:52.480606,2026-02-17 16:04:52.480606
86,en,Math Sets Core Kit 1,Quality math sets items for school essentials needs.,Quality math sets items for school essentials needs. Designed for daily use.,2026-02-17 16:04:52.480606,2026-02-17 16:04:52.480606
86,ar,أطقم هندسية مجموعة أساسية 1,منتجات أطقم هندسية بجودة عالية ضمن فئة مستلزمات المدرسة.,منتجات أطقم هندسية بجودة عالية ضمن فئة مستلزمات المدرسة. مناسبة للاستخدام اليومي.,2026-02-17 16:04:52.480606,2026-02-17 16:04:52.480606
87,en,Math Sets Pro Pack 2,Quality math sets items for school essentials needs.,Quality math sets items for school essentials needs. Designed for daily use.,2026-02-17 16:04:52.480606,2026-02-17 16:04:52.480606
87,ar,أطقم هندسية باقة متقدمة 2,منتجات أطقم هندسية بجودة عالية ضمن فئة مستلزمات المدرسة.,منتجات أطقم هندسية بجودة عالية ضمن فئة مستلزمات المدرسة. مناسبة للاستخدام اليومي.,2026-02-17 16:04:52.480606,2026-02-17 16:04:52.480606
88,en,Math Sets Edition 3,Quality math sets items for school essentials needs.,Quality math sets items for school essentials needs. Designed for daily use.,2026-02-17 16:04:52.480606,2026-02-17 16:04:52.480606
88,ar,أطقم هندسية إصدار 3,منتجات أطقم هندسية بجودة عالية ضمن فئة مستلزمات المدرسة.,منتجات أطقم هندسية بجودة عالية ضمن فئة مستلزمات المدرسة. مناسبة للاستخدام اليومي.,2026-02-17 16:04:52.480606,2026-02-17 16:04:52.480606
89,en,Math Sets Edition 4,Quality math sets items for school essentials needs.,Quality math sets items for school essentials needs. Designed for daily use.,2026-02-17 16:04:52.480606,2026-02-17 16:04:52.480606
89,ar,أطقم هندسية إصدار 4,منتجات أطقم هندسية بجودة عالية ضمن فئة مستلزمات المدرسة.,منتجات أطقم هندسية بجودة عالية ضمن فئة مستلزمات المدرسة. مناسبة للاستخدام اليومي.,2026-02-17 16:04:52.480606,2026-02-17 16:04:52.480606
90,en,Set Squares Core Kit 1,Quality set squares items for school essentials needs.,Quality set squares items for school essentials needs. Designed for daily use.,2026-02-17 16:04:52.480606,2026-02-17 16:04:52.480606
90,ar,مثلث مجموعة أساسية 1,منتجات مثلث بجودة عالية ضمن فئة مستلزمات المدرسة.,منتجات مثلث بجودة عالية ضمن فئة مستلزمات المدرسة. مناسبة للاستخدام اليومي.,2026-02-17 16:04:52.480606,2026-02-17 16:04:52.480606
91,en,Set Squares Pro Pack 2,Quality set squares items for school essentials needs.,Quality set squares items for school essentials needs. Designed for daily use.,2026-02-17 16:04:52.480606,2026-02-17 16:04:52.480606
91,ar,مثلث باقة متقدمة 2,منتجات مثلث بجودة عالية ضمن فئة مستلزمات المدرسة.,منتجات مثلث بجودة عالية ضمن فئة مستلزمات المدرسة. مناسبة للاستخدام اليومي.,2026-02-17 16:04:52.480606,2026-02-17 16:04:52.480606
92,en,Set Squares Edition 3,Quality set squares items for school essentials needs.,Quality set squares items for school essentials needs. Designed for daily use.,2026-02-17 16:04:52.480606,2026-02-17 16:04:52.480606
92,ar,مثلث إصدار 3,منتجات مثلث بجودة عالية ضمن فئة مستلزمات المدرسة.,منتجات مثلث بجودة عالية ضمن فئة مستلزمات المدرسة. مناسبة للاستخدام اليومي.,2026-02-17 16:04:52.480606,2026-02-17 16:04:52.480606
93,en,Compasses Core Kit 1,Quality compasses items for school essentials needs.,Quality compasses items for school essentials needs. Designed for daily use.,2026-02-17 16:04:52.480606,2026-02-17 16:04:52.480606
93,ar,برجل مجموعة أساسية 1,منتجات برجل بجودة عالية ضمن فئة مستلزمات المدرسة.,منتجات برجل بجودة عالية ضمن فئة مستلزمات المدرسة. مناسبة للاستخدام اليومي.,2026-02-17 16:04:52.480606,2026-02-17 16:04:52.480606
94,en,Compasses Pro Pack 2,Quality compasses items for school essentials needs.,Quality compasses items for school essentials needs. Designed for daily use.,2026-02-17 16:04:52.480606,2026-02-17 16:04:52.480606
94,ar,برجل باقة متقدمة 2,منتجات برجل بجودة عالية ضمن فئة مستلزمات المدرسة.,منتجات برجل بجودة عالية ضمن فئة مستلزمات المدرسة. مناسبة للاستخدام اليومي.,2026-02-17 16:04:52.480606,2026-02-17 16:04:52.480606
95,en,Compasses Edition 3,Quality compasses items for school essentials needs.,Quality compasses items for school essentials needs. Designed for daily use.,2026-02-17 16:04:52.480606,2026-02-17 16:04:52.480606
95,ar,برجل إصدار 3,منتجات برجل بجودة عالية ضمن فئة مستلزمات المدرسة.,منتجات برجل بجودة عالية ضمن فئة مستلزمات المدرسة. مناسبة للاستخدام اليومي.,2026-02-17 16:04:52.480606,2026-02-17 16:04:52.480606
96,en,Protractors Core Kit 1,Quality protractors items for school essentials needs.,Quality protractors items for school essentials needs. Designed for daily use.,2026-02-17 16:04:52.480606,2026-02-17 16:04:52.480606
96,ar,منقلات مجموعة أساسية 1,منتجات منقلات بجودة عالية ضمن فئة مستلزمات المدرسة.,منتجات منقلات بجودة عالية ضمن فئة مستلزمات المدرسة. مناسبة للاستخدام اليومي.,2026-02-17 16:04:52.480606,2026-02-17 16:04:52.480606
97,en,Protractors Pro Pack 2,Quality protractors items for school essentials needs.,Quality protractors items for school essentials needs. Designed for daily use.,2026-02-17 16:04:52.480606,2026-02-17 16:04:52.480606
97,ar,منقلات باقة متقدمة 2,منتجات منقلات بجودة عالية ضمن فئة مستلزمات المدرسة.,منتجات منقلات بجودة عالية ضمن فئة مستلزمات المدرسة. مناسبة للاستخدام اليومي.,2026-02-17 16:04:52.480606,2026-02-17 16:04:52.480606
98,en,Protractors Edition 3,Quality protractors items for school essentials needs.,Quality protractors items for school essentials needs. Designed for daily use.,2026-02-17 16:04:52.480606,2026-02-17 16:04:52.480606
98,ar,منقلات إصدار 3,منتجات منقلات بجودة عالية ضمن فئة مستلزمات المدرسة.,منتجات منقلات بجودة عالية ضمن فئة مستلزمات المدرسة. مناسبة للاستخدام اليومي.,2026-02-17 16:04:52.480606,2026-02-17 16:04:52.480606
99,en,Erasers Core Kit 1,Quality erasers items for writing instruments needs.,Quality erasers items for writing instruments needs. Designed for daily use.,2026-02-17 16:04:52.480606,2026-02-17 16:04:52.480606
99,ar,استيكة مجموعة أساسية 1,منتجات استيكة بجودة عالية ضمن فئة أدوات الكتابة.,منتجات استيكة بجودة عالية ضمن فئة أدوات الكتابة. مناسبة للاستخدام اليومي.,2026-02-17 16:04:52.480606,2026-02-17 16:04:52.480606
100,en,Erasers Pro Pack 2,Quality erasers items for writing instruments needs.,Quality erasers items for writing instruments needs. Designed for daily use.,2026-02-17 16:04:52.480606,2026-02-17 16:04:52.480606
100,ar,استيكة باقة متقدمة 2,منتجات استيكة بجودة عالية ضمن فئة أدوات الكتابة.,منتجات استيكة بجودة عالية ضمن فئة أدوات الكتابة. مناسبة للاستخدام اليومي.,2026-02-17 16:04:52.480606,2026-02-17 16:04:52.480606
101,en,Erasers Edition 3,Quality erasers items for writing instruments needs.,Quality erasers items for writing instruments needs. Designed for daily use.,2026-02-17 16:04:52.480606,2026-02-17 16:04:52.480606
101,ar,استيكة إصدار 3,منتجات استيكة بجودة عالية ضمن فئة أدوات الكتابة.,منتجات استيكة بجودة عالية ضمن فئة أدوات الكتابة. مناسبة للاستخدام اليومي.,2026-02-17 16:04:52.480606,2026-02-17 16:04:52.480606
102,en,Erasers Edition 4,Quality erasers items for writing instruments needs.,Quality erasers items for writing instruments needs. Designed for daily use.,2026-02-17 16:04:52.480606,2026-02-17 16:04:52.480606
102,ar,استيكة إصدار 4,منتجات استيكة بجودة عالية ضمن فئة أدوات الكتابة.,منتجات استيكة بجودة عالية ضمن فئة أدوات الكتابة. مناسبة للاستخدام اليومي.,2026-02-17 16:04:52.480606,2026-02-17 16:04:52.480606
103,en,Erasers Edition 5,Quality erasers items for writing instruments needs.,Quality erasers items for writing instruments needs. Designed for daily use.,2026-02-17 16:04:52.480606,2026-02-17 16:04:52.480606
103,ar,استيكة إصدار 5,منتجات استيكة بجودة عالية ضمن فئة أدوات الكتابة.,منتجات استيكة بجودة عالية ضمن فئة أدوات الكتابة. مناسبة للاستخدام اليومي.,2026-02-17 16:04:52.480606,2026-02-17 16:04:52.480606
104,en,Erasers Edition 6,Quality erasers items for writing instruments needs.,Quality erasers items for writing instruments needs. Designed for daily use.,2026-02-17 16:04:52.480606,2026-02-17 16:04:52.480606
104,ar,استيكة إصدار 6,منتجات استيكة بجودة عالية ضمن فئة أدوات الكتابة.,منتجات استيكة بجودة عالية ضمن فئة أدوات الكتابة. مناسبة للاستخدام اليومي.,2026-02-17 16:04:52.480606,2026-02-17 16:04:52.480606
105,en,Erasers Edition 7,Quality erasers items for writing instruments needs.,Quality erasers items for writing instruments needs. Designed for daily use.,2026-02-17 16:04:52.480606,2026-02-17 16:04:52.480606
105,ar,استيكة إصدار 7,منتجات استيكة بجودة عالية ضمن فئة أدوات الكتابة.,منتجات استيكة بجودة عالية ضمن فئة أدوات الكتابة. مناسبة للاستخدام اليومي.,2026-02-17 16:04:52.480606,2026-02-17 16:04:52.480606
106,en,Erasers Edition 8,Quality erasers items for writing instruments needs.,Quality erasers items for writing instruments needs. Designed for daily use.,2026-02-17 16:04:52.480606,2026-02-17 16:04:52.480606
106,ar,استيكة إصدار 8,منتجات استيكة بجودة عالية ضمن فئة أدوات الكتابة.,منتجات استيكة بجودة عالية ضمن فئة أدوات الكتابة. مناسبة للاستخدام اليومي.,2026-02-17 16:04:52.480606,2026-02-17 16:04:52.480606
107,en,Sharpeners Core Kit 1,Quality sharpeners items for writing instruments needs.,Quality sharpeners items for writing instruments needs. Designed for daily use.,2026-02-17 16:04:52.480606,2026-02-17 16:04:52.480606
107,ar,براية مجموعة أساسية 1,منتجات براية بجودة عالية ضمن فئة أدوات الكتابة.,منتجات براية بجودة عالية ضمن فئة أدوات الكتابة. مناسبة للاستخدام اليومي.,2026-02-17 16:04:52.480606,2026-02-17 16:04:52.480606
108,en,Sharpeners Pro Pack 2,Quality sharpeners items for writing instruments needs.,Quality sharpeners items for writing instruments needs. Designed for daily use.,2026-02-17 16:04:52.480606,2026-02-17 16:04:52.480606
108,ar,براية باقة متقدمة 2,منتجات براية بجودة عالية ضمن فئة أدوات الكتابة.,منتجات براية بجودة عالية ضمن فئة أدوات الكتابة. مناسبة للاستخدام اليومي.,2026-02-17 16:04:52.480606,2026-02-17 16:04:52.480606
109,en,Sharpeners Edition 3,Quality sharpeners items for writing instruments needs.,Quality sharpeners items for writing instruments needs. Designed for daily use.,2026-02-17 16:04:52.480606,2026-02-17 16:04:52.480606
109,ar,براية إصدار 3,منتجات براية بجودة عالية ضمن فئة أدوات الكتابة.,منتجات براية بجودة عالية ضمن فئة أدوات الكتابة. مناسبة للاستخدام اليومي.,2026-02-17 16:04:52.480606,2026-02-17 16:04:52.480606
110,en,Sharpeners Edition 4,Quality sharpeners items for writing instruments needs.,Quality sharpeners items for writing instruments needs. Designed for daily use.,2026-02-17 16:04:52.480606,2026-02-17 16:04:52.480606
110,ar,براية إصدار 4,منتجات براية بجودة عالية ضمن فئة أدوات الكتابة.,منتجات براية بجودة عالية ضمن فئة أدوات الكتابة. مناسبة للاستخدام اليومي.,2026-02-17 16:04:52.480606,2026-02-17 16:04:52.480606
111,en,Sharpeners Edition 5,Quality sharpeners items for writing instruments needs.,Quality sharpeners items for writing instruments needs. Designed for daily use.,2026-02-17 16:04:52.480606,2026-02-17 16:04:52.480606
111,ar,براية إصدار 5,منتجات براية بجودة عالية ضمن فئة أدوات الكتابة.,منتجات براية بجودة عالية ضمن فئة أدوات الكتابة. مناسبة للاستخدام اليومي.,2026-02-17 16:04:52.480606,2026-02-17 16:04:52.480606
112,en,Sharpeners Edition 6,Quality sharpeners items for writing instruments needs.,Quality sharpeners items for writing instruments needs. Designed for daily use.,2026-02-17 16:04:52.480606,2026-02-17 16:04:52.480606
112,ar,براية إصدار 6,منتجات براية بجودة عالية ضمن فئة أدوات الكتابة.,منتجات براية بجودة عالية ضمن فئة أدوات الكتابة. مناسبة للاستخدام اليومي.,2026-02-17 16:04:52.480606,2026-02-17 16:04:52.480606
113,en,Sharpeners Edition 7,Quality sharpeners items for writing instruments needs.,Quality sharpeners items for writing instruments needs. Designed for daily use.,2026-02-17 16:04:52.480606,2026-02-17 16:04:52.480606
113,ar,براية إصدار 7,منتجات براية بجودة عالية ضمن فئة أدوات الكتابة.,منتجات براية بجودة عالية ضمن فئة أدوات الكتابة. مناسبة للاستخدام اليومي.,2026-02-17 16:04:52.480606,2026-02-17 16:04:52.480606
114,en,Sharpeners Edition 8,Quality sharpeners items for writing instruments needs.,Quality sharpeners items for writing instruments needs. Designed for daily use.,2026-02-17 16:04:52.480606,2026-02-17 16:04:52.480606
114,ar,براية إصدار 8,منتجات براية بجودة عالية ضمن فئة أدوات الكتابة.,منتجات براية بجودة عالية ضمن فئة أدوات الكتابة. مناسبة للاستخدام اليومي.,2026-02-17 16:04:52.480606,2026-02-17 16:04:52.480606
115,en,Whiteboard Markers Core Kit 1,Quality whiteboard markers items for writing instruments needs.,Quality whiteboard markers items for writing instruments needs. Designed for daily use.,2026-02-17 16:04:52.480606,2026-02-17 16:04:52.480606
115,ar,ماركر سبورة مجموعة أساسية 1,منتجات ماركر سبورة بجودة عالية ضمن فئة أدوات الكتابة.,منتجات ماركر سبورة بجودة عالية ضمن فئة أدوات الكتابة. مناسبة للاستخدام اليومي.,2026-02-17 16:04:52.480606,2026-02-17 16:04:52.480606
116,en,Whiteboard Markers Pro Pack 2,Quality whiteboard markers items for writing instruments needs.,Quality whiteboard markers items for writing instruments needs. Designed for daily use.,2026-02-17 16:04:52.480606,2026-02-17 16:04:52.480606
116,ar,ماركر سبورة باقة متقدمة 2,منتجات ماركر سبورة بجودة عالية ضمن فئة أدوات الكتابة.,منتجات ماركر سبورة بجودة عالية ضمن فئة أدوات الكتابة. مناسبة للاستخدام اليومي.,2026-02-17 16:04:52.480606,2026-02-17 16:04:52.480606
117,en,Whiteboard Markers Edition 3,Quality whiteboard markers items for writing instruments needs.,Quality whiteboard markers items for writing instruments needs. Designed for daily use.,2026-02-17 16:04:52.480606,2026-02-17 16:04:52.480606
117,ar,ماركر سبورة إصدار 3,منتجات ماركر سبورة بجودة عالية ضمن فئة أدوات الكتابة.,منتجات ماركر سبورة بجودة عالية ضمن فئة أدوات الكتابة. مناسبة للاستخدام اليومي.,2026-02-17 16:04:52.480606,2026-02-17 16:04:52.480606
118,en,Whiteboard Markers Edition 4,Quality whiteboard markers items for writing instruments needs.,Quality whiteboard markers items for writing instruments needs. Designed for daily use.,2026-02-17 16:04:52.480606,2026-02-17 16:04:52.480606
118,ar,ماركر سبورة إصدار 4,منتجات ماركر سبورة بجودة عالية ضمن فئة أدوات الكتابة.,منتجات ماركر سبورة بجودة عالية ضمن فئة أدوات الكتابة. مناسبة للاستخدام اليومي.,2026-02-17 16:04:52.480606,2026-02-17 16:04:52.480606
119,en,Whiteboard Markers Edition 5,Quality whiteboard markers items for writing instruments needs.,Quality whiteboard markers items for writing instruments needs. Designed for daily use.,2026-02-17 16:04:52.480606,2026-02-17 16:04:52.480606
119,ar,ماركر سبورة إصدار 5,منتجات ماركر سبورة بجودة عالية ضمن فئة أدوات الكتابة.,منتجات ماركر سبورة بجودة عالية ضمن فئة أدوات الكتابة. مناسبة للاستخدام اليومي.,2026-02-17 16:04:52.480606,2026-02-17 16:04:52.480606
120,en,Whiteboard Markers Edition 6,Quality whiteboard markers items for writing instruments needs.,Quality whiteboard markers items for writing instruments needs. Designed for daily use.,2026-02-17 16:04:52.480606,2026-02-17 16:04:52.480606
120,ar,ماركر سبورة إصدار 6,منتجات ماركر سبورة بجودة عالية ضمن فئة أدوات الكتابة.,منتجات ماركر سبورة بجودة عالية ضمن فئة أدوات الكتابة. مناسبة للاستخدام اليومي.,2026-02-17 16:04:52.480606,2026-02-17 16:04:52.480606
121,en,Permanent Markers Core Kit 1,Quality permanent markers items for writing instruments needs.,Quality permanent markers items for writing instruments needs. Designed for daily use.,2026-02-17 16:04:52.480606,2026-02-17 16:04:52.480606
121,ar,ماركر ثابت مجموعة أساسية 1,منتجات ماركر ثابت بجودة عالية ضمن فئة أدوات الكتابة.,منتجات ماركر ثابت بجودة عالية ضمن فئة أدوات الكتابة. مناسبة للاستخدام اليومي.,2026-02-17 16:04:52.480606,2026-02-17 16:04:52.480606
122,en,Permanent Markers Pro Pack 2,Quality permanent markers items for writing instruments needs.,Quality permanent markers items for writing instruments needs. Designed for daily use.,2026-02-17 16:04:52.480606,2026-02-17 16:04:52.480606
122,ar,ماركر ثابت باقة متقدمة 2,منتجات ماركر ثابت بجودة عالية ضمن فئة أدوات الكتابة.,منتجات ماركر ثابت بجودة عالية ضمن فئة أدوات الكتابة. مناسبة للاستخدام اليومي.,2026-02-17 16:04:52.480606,2026-02-17 16:04:52.480606
123,en,Permanent Markers Edition 3,Quality permanent markers items for writing instruments needs.,Quality permanent markers items for writing instruments needs. Designed for daily use.,2026-02-17 16:04:52.480606,2026-02-17 16:04:52.480606
123,ar,ماركر ثابت إصدار 3,منتجات ماركر ثابت بجودة عالية ضمن فئة أدوات الكتابة.,منتجات ماركر ثابت بجودة عالية ضمن فئة أدوات الكتابة. مناسبة للاستخدام اليومي.,2026-02-17 16:04:52.480606,2026-02-17 16:04:52.480606
124,en,Highlighters Core Kit 1,Quality highlighters items for writing instruments needs.,Quality highlighters items for writing instruments needs. Designed for daily use.,2026-02-17 16:04:52.480606,2026-02-17 16:04:52.480606
124,ar,هايلايتر مجموعة أساسية 1,منتجات هايلايتر بجودة عالية ضمن فئة أدوات الكتابة.,منتجات هايلايتر بجودة عالية ضمن فئة أدوات الكتابة. مناسبة للاستخدام اليومي.,2026-02-17 16:04:52.480606,2026-02-17 16:04:52.480606
125,en,Highlighters Pro Pack 2,Quality highlighters items for writing instruments needs.,Quality highlighters items for writing instruments needs. Designed for daily use.,2026-02-17 16:04:52.480606,2026-02-17 16:04:52.480606
125,ar,هايلايتر باقة متقدمة 2,منتجات هايلايتر بجودة عالية ضمن فئة أدوات الكتابة.,منتجات هايلايتر بجودة عالية ضمن فئة أدوات الكتابة. مناسبة للاستخدام اليومي.,2026-02-17 16:04:52.480606,2026-02-17 16:04:52.480606
126,en,Highlighters Edition 3,Quality highlighters items for writing instruments needs.,Quality highlighters items for writing instruments needs. Designed for daily use.,2026-02-17 16:04:52.480606,2026-02-17 16:04:52.480606
126,ar,هايلايتر إصدار 3,منتجات هايلايتر بجودة عالية ضمن فئة أدوات الكتابة.,منتجات هايلايتر بجودة عالية ضمن فئة أدوات الكتابة. مناسبة للاستخدام اليومي.,2026-02-17 16:04:52.480606,2026-02-17 16:04:52.480606
127,en,Gel Pens Core Kit 1,Quality gel pens items for writing instruments needs.,Quality gel pens items for writing instruments needs. Designed for daily use.,2026-02-17 16:04:52.480606,2026-02-17 16:04:52.480606
127,ar,أقلام جيل مجموعة أساسية 1,منتجات أقلام جيل بجودة عالية ضمن فئة أدوات الكتابة.,منتجات أقلام جيل بجودة عالية ضمن فئة أدوات الكتابة. مناسبة للاستخدام اليومي.,2026-02-17 16:04:52.480606,2026-02-17 16:04:52.480606
128,en,Gel Pens Pro Pack 2,Quality gel pens items for writing instruments needs.,Quality gel pens items for writing instruments needs. Designed for daily use.,2026-02-17 16:04:52.480606,2026-02-17 16:04:52.480606
128,ar,أقلام جيل باقة متقدمة 2,منتجات أقلام جيل بجودة عالية ضمن فئة أدوات الكتابة.,منتجات أقلام جيل بجودة عالية ضمن فئة أدوات الكتابة. مناسبة للاستخدام اليومي.,2026-02-17 16:04:52.480606,2026-02-17 16:04:52.480606
129,en,Gel Pens Edition 3,Quality gel pens items for writing instruments needs.,Quality gel pens items for writing instruments needs. Designed for daily use.,2026-02-17 16:04:52.480606,2026-02-17 16:04:52.480606
129,ar,أقلام جيل إصدار 3,منتجات أقلام جيل بجودة عالية ضمن فئة أدوات الكتابة.,منتجات أقلام جيل بجودة عالية ضمن فئة أدوات الكتابة. مناسبة للاستخدام اليومي.,2026-02-17 16:04:52.480606,2026-02-17 16:04:52.480606
130,en,Ballpoint Pens Core Kit 1,Quality ballpoint pens items for writing instruments needs.,Quality ballpoint pens items for writing instruments needs. Designed for daily use.,2026-02-17 16:04:52.480606,2026-02-17 16:04:52.480606
130,ar,أقلام جاف مجموعة أساسية 1,منتجات أقلام جاف بجودة عالية ضمن فئة أدوات الكتابة.,منتجات أقلام جاف بجودة عالية ضمن فئة أدوات الكتابة. مناسبة للاستخدام اليومي.,2026-02-17 16:04:52.480606,2026-02-17 16:04:52.480606
131,en,Ballpoint Pens Pro Pack 2,Quality ballpoint pens items for writing instruments needs.,Quality ballpoint pens items for writing instruments needs. Designed for daily use.,2026-02-17 16:04:52.480606,2026-02-17 16:04:52.480606
131,ar,أقلام جاف باقة متقدمة 2,منتجات أقلام جاف بجودة عالية ضمن فئة أدوات الكتابة.,منتجات أقلام جاف بجودة عالية ضمن فئة أدوات الكتابة. مناسبة للاستخدام اليومي.,2026-02-17 16:04:52.480606,2026-02-17 16:04:52.480606
132,en,Ballpoint Pens Edition 3,Quality ballpoint pens items for writing instruments needs.,Quality ballpoint pens items for writing instruments needs. Designed for daily use.,2026-02-17 16:04:52.480606,2026-02-17 16:04:52.480606
132,ar,أقلام جاف إصدار 3,منتجات أقلام جاف بجودة عالية ضمن فئة أدوات الكتابة.,منتجات أقلام جاف بجودة عالية ضمن فئة أدوات الكتابة. مناسبة للاستخدام اليومي.,2026-02-17 16:04:52.480606,2026-02-17 16:04:52.480606
133,en,Fountain Pens Core Kit 1,Quality fountain pens items for writing instruments needs.,Quality fountain pens items for writing instruments needs. Designed for daily use.,2026-02-17 16:04:52.480606,2026-02-17 16:04:52.480606
133,ar,أقلام حبر مجموعة أساسية 1,منتجات أقلام حبر بجودة عالية ضمن فئة أدوات الكتابة.,منتجات أقلام حبر بجودة عالية ضمن فئة أدوات الكتابة. مناسبة للاستخدام اليومي.,2026-02-17 16:04:52.480606,2026-02-17 16:04:52.480606
134,en,Fountain Pens Pro Pack 2,Quality fountain pens items for writing instruments needs.,Quality fountain pens items for writing instruments needs. Designed for daily use.,2026-02-17 16:04:52.480606,2026-02-17 16:04:52.480606
134,ar,أقلام حبر باقة متقدمة 2,منتجات أقلام حبر بجودة عالية ضمن فئة أدوات الكتابة.,منتجات أقلام حبر بجودة عالية ضمن فئة أدوات الكتابة. مناسبة للاستخدام اليومي.,2026-02-17 16:04:52.480606,2026-02-17 16:04:52.480606
135,en,Fountain Pens Edition 3,Quality fountain pens items for writing instruments needs.,Quality fountain pens items for writing instruments needs. Designed for daily use.,2026-02-17 16:04:52.480606,2026-02-17 16:04:52.480606
135,ar,أقلام حبر إصدار 3,منتجات أقلام حبر بجودة عالية ضمن فئة أدوات الكتابة.,منتجات أقلام حبر بجودة عالية ضمن فئة أدوات الكتابة. مناسبة للاستخدام اليومي.,2026-02-17 16:04:52.480606,2026-02-17 16:04:52.480606
136,en,Mechanical Pencil Leads Core Kit 1,Quality mechanical pencil leads items for writing instruments needs.,Quality mechanical pencil leads items for writing instruments needs. Designed for daily use.,2026-02-17 16:04:52.480606,2026-02-17 16:04:52.480606
136,ar,سنون مجموعة أساسية 1,منتجات سنون بجودة عالية ضمن فئة أدوات الكتابة.,منتجات سنون بجودة عالية ضمن فئة أدوات الكتابة. مناسبة للاستخدام اليومي.,2026-02-17 16:04:52.480606,2026-02-17 16:04:52.480606
137,en,Mechanical Pencil Leads Pro Pack 2,Quality mechanical pencil leads items for writing instruments needs.,Quality mechanical pencil leads items for writing instruments needs. Designed for daily use.,2026-02-17 16:04:52.480606,2026-02-17 16:04:52.480606
137,ar,سنون باقة متقدمة 2,منتجات سنون بجودة عالية ضمن فئة أدوات الكتابة.,منتجات سنون بجودة عالية ضمن فئة أدوات الكتابة. مناسبة للاستخدام اليومي.,2026-02-17 16:04:52.480606,2026-02-17 16:04:52.480606
138,en,Mechanical Pencil Leads Edition 3,Quality mechanical pencil leads items for writing instruments needs.,Quality mechanical pencil leads items for writing instruments needs. Designed for daily use.,2026-02-17 16:04:52.480606,2026-02-17 16:04:52.480606
138,ar,سنون إصدار 3,منتجات سنون بجودة عالية ضمن فئة أدوات الكتابة.,منتجات سنون بجودة عالية ضمن فئة أدوات الكتابة. مناسبة للاستخدام اليومي.,2026-02-17 16:04:52.480606,2026-02-17 16:04:52.480606
139,en,Vehicles Core Kit 1,"Quality vehicles items for toys, games & learning tools needs.","Quality vehicles items for toys, games & learning tools needs. Designed for daily use.",2026-02-17 16:04:52.480606,2026-02-17 16:04:52.480606
139,ar,عربيات مجموعة أساسية 1,منتجات عربيات بجودة عالية ضمن فئة ألعاب وتعليم.,منتجات عربيات بجودة عالية ضمن فئة ألعاب وتعليم. مناسبة للاستخدام اليومي.,2026-02-17 16:04:52.480606,2026-02-17 16:04:52.480606
140,en,Vehicles Pro Pack 2,"Quality vehicles items for toys, games & learning tools needs.","Quality vehicles items for toys, games & learning tools needs. Designed for daily use.",2026-02-17 16:04:52.480606,2026-02-17 16:04:52.480606
140,ar,عربيات باقة متقدمة 2,منتجات عربيات بجودة عالية ضمن فئة ألعاب وتعليم.,منتجات عربيات بجودة عالية ضمن فئة ألعاب وتعليم. مناسبة للاستخدام اليومي.,2026-02-17 16:04:52.480606,2026-02-17 16:04:52.480606
141,en,Vehicles Edition 3,"Quality vehicles items for toys, games & learning tools needs.","Quality vehicles items for toys, games & learning tools needs. Designed for daily use.",2026-02-17 16:04:52.480606,2026-02-17 16:04:52.480606
141,ar,عربيات إصدار 3,منتجات عربيات بجودة عالية ضمن فئة ألعاب وتعليم.,منتجات عربيات بجودة عالية ضمن فئة ألعاب وتعليم. مناسبة للاستخدام اليومي.,2026-02-17 16:04:52.480606,2026-02-17 16:04:52.480606
142,en,Vehicles Edition 4,"Quality vehicles items for toys, games & learning tools needs.","Quality vehicles items for toys, games & learning tools needs. Designed for daily use.",2026-02-17 16:04:52.480606,2026-02-17 16:04:52.480606
142,ar,عربيات إصدار 4,منتجات عربيات بجودة عالية ضمن فئة ألعاب وتعليم.,منتجات عربيات بجودة عالية ضمن فئة ألعاب وتعليم. مناسبة للاستخدام اليومي.,2026-02-17 16:04:52.480606,2026-02-17 16:04:52.480606
143,en,Vehicles Edition 5,"Quality vehicles items for toys, games & learning tools needs.","Quality vehicles items for toys, games & learning tools needs. Designed for daily use.",2026-02-17 16:04:52.480606,2026-02-17 16:04:52.480606
143,ar,عربيات إصدار 5,منتجات عربيات بجودة عالية ضمن فئة ألعاب وتعليم.,منتجات عربيات بجودة عالية ضمن فئة ألعاب وتعليم. مناسبة للاستخدام اليومي.,2026-02-17 16:04:52.480606,2026-02-17 16:04:52.480606
144,en,Vehicles Edition 6,"Quality vehicles items for toys, games & learning tools needs.","Quality vehicles items for toys, games & learning tools needs. Designed for daily use.",2026-02-17 16:04:52.480606,2026-02-17 16:04:52.480606
144,ar,عربيات إصدار 6,منتجات عربيات بجودة عالية ضمن فئة ألعاب وتعليم.,منتجات عربيات بجودة عالية ضمن فئة ألعاب وتعليم. مناسبة للاستخدام اليومي.,2026-02-17 16:04:52.480606,2026-02-17 16:04:52.480606
145,en,Vehicles Edition 7,"Quality vehicles items for toys, games & learning tools needs.","Quality vehicles items for toys, games & learning tools needs. Designed for daily use.",2026-02-17 16:04:52.480606,2026-02-17 16:04:52.480606
145,ar,عربيات إصدار 7,منتجات عربيات بجودة عالية ضمن فئة ألعاب وتعليم.,منتجات عربيات بجودة عالية ضمن فئة ألعاب وتعليم. مناسبة للاستخدام اليومي.,2026-02-17 16:04:52.480606,2026-02-17 16:04:52.480606
146,en,Vehicles Edition 8,"Quality vehicles items for toys, games & learning tools needs.","Quality vehicles items for toys, games & learning tools needs. Designed for daily use.",2026-02-17 16:04:52.480606,2026-02-17 16:04:52.480606
146,ar,عربيات إصدار 8,منتجات عربيات بجودة عالية ضمن فئة ألعاب وتعليم.,منتجات عربيات بجودة عالية ضمن فئة ألعاب وتعليم. مناسبة للاستخدام اليومي.,2026-02-17 16:04:52.480606,2026-02-17 16:04:52.480606
147,en,Dolls Core Kit 1,"Quality dolls items for toys, games & learning tools needs.","Quality dolls items for toys, games & learning tools needs. Designed for daily use.",2026-02-17 16:04:52.480606,2026-02-17 16:04:52.480606
147,ar,عرائس مجموعة أساسية 1,منتجات عرائس بجودة عالية ضمن فئة ألعاب وتعليم.,منتجات عرائس بجودة عالية ضمن فئة ألعاب وتعليم. مناسبة للاستخدام اليومي.,2026-02-17 16:04:52.480606,2026-02-17 16:04:52.480606
148,en,Dolls Pro Pack 2,"Quality dolls items for toys, games & learning tools needs.","Quality dolls items for toys, games & learning tools needs. Designed for daily use.",2026-02-17 16:04:52.480606,2026-02-17 16:04:52.480606
148,ar,عرائس باقة متقدمة 2,منتجات عرائس بجودة عالية ضمن فئة ألعاب وتعليم.,منتجات عرائس بجودة عالية ضمن فئة ألعاب وتعليم. مناسبة للاستخدام اليومي.,2026-02-17 16:04:52.480606,2026-02-17 16:04:52.480606
149,en,Dolls Edition 3,"Quality dolls items for toys, games & learning tools needs.","Quality dolls items for toys, games & learning tools needs. Designed for daily use.",2026-02-17 16:04:52.480606,2026-02-17 16:04:52.480606
149,ar,عرائس إصدار 3,منتجات عرائس بجودة عالية ضمن فئة ألعاب وتعليم.,منتجات عرائس بجودة عالية ضمن فئة ألعاب وتعليم. مناسبة للاستخدام اليومي.,2026-02-17 16:04:52.480606,2026-02-17 16:04:52.480606
150,en,Dolls Edition 4,"Quality dolls items for toys, games & learning tools needs.","Quality dolls items for toys, games & learning tools needs. Designed for daily use.",2026-02-17 16:04:52.480606,2026-02-17 16:04:52.480606
150,ar,عرائس إصدار 4,منتجات عرائس بجودة عالية ضمن فئة ألعاب وتعليم.,منتجات عرائس بجودة عالية ضمن فئة ألعاب وتعليم. مناسبة للاستخدام اليومي.,2026-02-17 16:04:52.480606,2026-02-17 16:04:52.480606
151,en,Dolls Edition 5,"Quality dolls items for toys, games & learning tools needs.","Quality dolls items for toys, games & learning tools needs. Designed for daily use.",2026-02-17 16:04:52.480606,2026-02-17 16:04:52.480606
151,ar,عرائس إصدار 5,منتجات عرائس بجودة عالية ضمن فئة ألعاب وتعليم.,منتجات عرائس بجودة عالية ضمن فئة ألعاب وتعليم. مناسبة للاستخدام اليومي.,2026-02-17 16:04:52.480606,2026-02-17 16:04:52.480606
152,en,Dolls Edition 6,"Quality dolls items for toys, games & learning tools needs.","Quality dolls items for toys, games & learning tools needs. Designed for daily use.",2026-02-17 16:04:52.480606,2026-02-17 16:04:52.480606
152,ar,عرائس إصدار 6,منتجات عرائس بجودة عالية ضمن فئة ألعاب وتعليم.,منتجات عرائس بجودة عالية ضمن فئة ألعاب وتعليم. مناسبة للاستخدام اليومي.,2026-02-17 16:04:52.480606,2026-02-17 16:04:52.480606
153,en,Dolls Edition 7,"Quality dolls items for toys, games & learning tools needs.","Quality dolls items for toys, games & learning tools needs. Designed for daily use.",2026-02-17 16:04:52.480606,2026-02-17 16:04:52.480606
153,ar,عرائس إصدار 7,منتجات عرائس بجودة عالية ضمن فئة ألعاب وتعليم.,منتجات عرائس بجودة عالية ضمن فئة ألعاب وتعليم. مناسبة للاستخدام اليومي.,2026-02-17 16:04:52.480606,2026-02-17 16:04:52.480606
154,en,Dolls Edition 8,"Quality dolls items for toys, games & learning tools needs.","Quality dolls items for toys, games & learning tools needs. Designed for daily use.",2026-02-17 16:04:52.480606,2026-02-17 16:04:52.480606
154,ar,عرائس إصدار 8,منتجات عرائس بجودة عالية ضمن فئة ألعاب وتعليم.,منتجات عرائس بجودة عالية ضمن فئة ألعاب وتعليم. مناسبة للاستخدام اليومي.,2026-02-17 16:04:52.480606,2026-02-17 16:04:52.480606
155,en,Foam Sheets Core Kit 1,Quality foam sheets items for art & craft supplies needs.,Quality foam sheets items for art & craft supplies needs. Designed for daily use.,2026-02-17 16:04:52.480606,2026-02-17 16:04:52.480606
155,ar,فوم مجموعة أساسية 1,منتجات فوم بجودة عالية ضمن فئة أدوات الفن والحرف.,منتجات فوم بجودة عالية ضمن فئة أدوات الفن والحرف. مناسبة للاستخدام اليومي.,2026-02-17 16:04:52.480606,2026-02-17 16:04:52.480606
156,en,Foam Sheets Pro Pack 2,Quality foam sheets items for art & craft supplies needs.,Quality foam sheets items for art & craft supplies needs. Designed for daily use.,2026-02-17 16:04:52.480606,2026-02-17 16:04:52.480606
156,ar,فوم باقة متقدمة 2,منتجات فوم بجودة عالية ضمن فئة أدوات الفن والحرف.,منتجات فوم بجودة عالية ضمن فئة أدوات الفن والحرف. مناسبة للاستخدام اليومي.,2026-02-17 16:04:52.480606,2026-02-17 16:04:52.480606
157,en,Foam Sheets Edition 3,Quality foam sheets items for art & craft supplies needs.,Quality foam sheets items for art & craft supplies needs. Designed for daily use.,2026-02-17 16:04:52.480606,2026-02-17 16:04:52.480606
157,ar,فوم إصدار 3,منتجات فوم بجودة عالية ضمن فئة أدوات الفن والحرف.,منتجات فوم بجودة عالية ضمن فئة أدوات الفن والحرف. مناسبة للاستخدام اليومي.,2026-02-17 16:04:52.480606,2026-02-17 16:04:52.480606
158,en,Foam Sheets Edition 4,Quality foam sheets items for art & craft supplies needs.,Quality foam sheets items for art & craft supplies needs. Designed for daily use.,2026-02-17 16:04:52.480606,2026-02-17 16:04:52.480606
158,ar,فوم إصدار 4,منتجات فوم بجودة عالية ضمن فئة أدوات الفن والحرف.,منتجات فوم بجودة عالية ضمن فئة أدوات الفن والحرف. مناسبة للاستخدام اليومي.,2026-02-17 16:04:52.480606,2026-02-17 16:04:52.480606
159,en,Foam Sheets Edition 5,Quality foam sheets items for art & craft supplies needs.,Quality foam sheets items for art & craft supplies needs. Designed for daily use.,2026-02-17 16:04:52.480606,2026-02-17 16:04:52.480606
159,ar,فوم إصدار 5,منتجات فوم بجودة عالية ضمن فئة أدوات الفن والحرف.,منتجات فوم بجودة عالية ضمن فئة أدوات الفن والحرف. مناسبة للاستخدام اليومي.,2026-02-17 16:04:52.480606,2026-02-17 16:04:52.480606
160,en,Foam Sheets Edition 6,Quality foam sheets items for art & craft supplies needs.,Quality foam sheets items for art & craft supplies needs. Designed for daily use.,2026-02-17 16:04:52.480606,2026-02-17 16:04:52.480606
160,ar,فوم إصدار 6,منتجات فوم بجودة عالية ضمن فئة أدوات الفن والحرف.,منتجات فوم بجودة عالية ضمن فئة أدوات الفن والحرف. مناسبة للاستخدام اليومي.,2026-02-17 16:04:52.480606,2026-02-17 16:04:52.480606
161,en,Glitter Core Kit 1,Quality glitter items for art & craft supplies needs.,Quality glitter items for art & craft supplies needs. Designed for daily use.,2026-02-17 16:04:52.480606,2026-02-17 16:04:52.480606
161,ar,جليتر مجموعة أساسية 1,منتجات جليتر بجودة عالية ضمن فئة أدوات الفن والحرف.,منتجات جليتر بجودة عالية ضمن فئة أدوات الفن والحرف. مناسبة للاستخدام اليومي.,2026-02-17 16:04:52.480606,2026-02-17 16:04:52.480606
162,en,Glitter Pro Pack 2,Quality glitter items for art & craft supplies needs.,Quality glitter items for art & craft supplies needs. Designed for daily use.,2026-02-17 16:04:52.480606,2026-02-17 16:04:52.480606
162,ar,جليتر باقة متقدمة 2,منتجات جليتر بجودة عالية ضمن فئة أدوات الفن والحرف.,منتجات جليتر بجودة عالية ضمن فئة أدوات الفن والحرف. مناسبة للاستخدام اليومي.,2026-02-17 16:04:52.480606,2026-02-17 16:04:52.480606
163,en,Glitter Edition 3,Quality glitter items for art & craft supplies needs.,Quality glitter items for art & craft supplies needs. Designed for daily use.,2026-02-17 16:04:52.480606,2026-02-17 16:04:52.480606
163,ar,جليتر إصدار 3,منتجات جليتر بجودة عالية ضمن فئة أدوات الفن والحرف.,منتجات جليتر بجودة عالية ضمن فئة أدوات الفن والحرف. مناسبة للاستخدام اليومي.,2026-02-17 16:04:52.480606,2026-02-17 16:04:52.480606
164,en,Stickers Core Kit 1,Quality stickers items for art & craft supplies needs.,Quality stickers items for art & craft supplies needs. Designed for daily use.,2026-02-17 16:04:52.480606,2026-02-17 16:04:52.480606
164,ar,استيكر مجموعة أساسية 1,منتجات استيكر بجودة عالية ضمن فئة أدوات الفن والحرف.,منتجات استيكر بجودة عالية ضمن فئة أدوات الفن والحرف. مناسبة للاستخدام اليومي.,2026-02-17 16:04:52.480606,2026-02-17 16:04:52.480606
165,en,Stickers Pro Pack 2,Quality stickers items for art & craft supplies needs.,Quality stickers items for art & craft supplies needs. Designed for daily use.,2026-02-17 16:04:52.480606,2026-02-17 16:04:52.480606
165,ar,استيكر باقة متقدمة 2,منتجات استيكر بجودة عالية ضمن فئة أدوات الفن والحرف.,منتجات استيكر بجودة عالية ضمن فئة أدوات الفن والحرف. مناسبة للاستخدام اليومي.,2026-02-17 16:04:52.480606,2026-02-17 16:04:52.480606
166,en,Stickers Edition 3,Quality stickers items for art & craft supplies needs.,Quality stickers items for art & craft supplies needs. Designed for daily use.,2026-02-17 16:04:52.480606,2026-02-17 16:04:52.480606
166,ar,استيكر إصدار 3,منتجات استيكر بجودة عالية ضمن فئة أدوات الفن والحرف.,منتجات استيكر بجودة عالية ضمن فئة أدوات الفن والحرف. مناسبة للاستخدام اليومي.,2026-02-17 16:04:52.480606,2026-02-17 16:04:52.480606
167,en,Scissors Core Kit 1,Quality scissors items for art & craft supplies needs.,Quality scissors items for art & craft supplies needs. Designed for daily use.,2026-02-17 16:04:52.480606,2026-02-17 16:04:52.480606
167,ar,مقص مجموعة أساسية 1,منتجات مقص بجودة عالية ضمن فئة أدوات الفن والحرف.,منتجات مقص بجودة عالية ضمن فئة أدوات الفن والحرف. مناسبة للاستخدام اليومي.,2026-02-17 16:04:52.480606,2026-02-17 16:04:52.480606
168,en,Scissors Pro Pack 2,Quality scissors items for art & craft supplies needs.,Quality scissors items for art & craft supplies needs. Designed for daily use.,2026-02-17 16:04:52.480606,2026-02-17 16:04:52.480606
168,ar,مقص باقة متقدمة 2,منتجات مقص بجودة عالية ضمن فئة أدوات الفن والحرف.,منتجات مقص بجودة عالية ضمن فئة أدوات الفن والحرف. مناسبة للاستخدام اليومي.,2026-02-17 16:04:52.480606,2026-02-17 16:04:52.480606
169,en,Scissors Edition 3,Quality scissors items for art & craft supplies needs.,Quality scissors items for art & craft supplies needs. Designed for daily use.,2026-02-17 16:04:52.480606,2026-02-17 16:04:52.480606
169,ar,مقص إصدار 3,منتجات مقص بجودة عالية ضمن فئة أدوات الفن والحرف.,منتجات مقص بجودة عالية ضمن فئة أدوات الفن والحرف. مناسبة للاستخدام اليومي.,2026-02-17 16:04:52.480606,2026-02-17 16:04:52.480606
170,en,Scissors Edition 4,Quality scissors items for art & craft supplies needs.,Quality scissors items for art & craft supplies needs. Designed for daily use.,2026-02-17 16:04:52.480606,2026-02-17 16:04:52.480606
170,ar,مقص إصدار 4,منتجات مقص بجودة عالية ضمن فئة أدوات الفن والحرف.,منتجات مقص بجودة عالية ضمن فئة أدوات الفن والحرف. مناسبة للاستخدام اليومي.,2026-02-17 16:04:52.480606,2026-02-17 16:04:52.480606
171,en,Cutters Core Kit 1,Quality cutters items for art & craft supplies needs.,Quality cutters items for art & craft supplies needs. Designed for daily use.,2026-02-17 16:04:52.480606,2026-02-17 16:04:52.480606
171,ar,قطاعات مجموعة أساسية 1,منتجات قطاعات بجودة عالية ضمن فئة أدوات الفن والحرف.,منتجات قطاعات بجودة عالية ضمن فئة أدوات الفن والحرف. مناسبة للاستخدام اليومي.,2026-02-17 16:04:52.480606,2026-02-17 16:04:52.480606
172,en,Cutters Pro Pack 2,Quality cutters items for art & craft supplies needs.,Quality cutters items for art & craft supplies needs. Designed for daily use.,2026-02-17 16:04:52.480606,2026-02-17 16:04:52.480606
172,ar,قطاعات باقة متقدمة 2,منتجات قطاعات بجودة عالية ضمن فئة أدوات الفن والحرف.,منتجات قطاعات بجودة عالية ضمن فئة أدوات الفن والحرف. مناسبة للاستخدام اليومي.,2026-02-17 16:04:52.480606,2026-02-17 16:04:52.480606
173,en,Cutters Edition 3,Quality cutters items for art & craft supplies needs.,Quality cutters items for art & craft supplies needs. Designed for daily use.,2026-02-17 16:04:52.480606,2026-02-17 16:04:52.480606
173,ar,قطاعات إصدار 3,منتجات قطاعات بجودة عالية ضمن فئة أدوات الفن والحرف.,منتجات قطاعات بجودة عالية ضمن فئة أدوات الفن والحرف. مناسبة للاستخدام اليومي.,2026-02-17 16:04:52.480606,2026-02-17 16:04:52.480606
174,en,Crayons Core Kit 1,Quality crayons items for art & craft supplies needs.,Quality crayons items for art & craft supplies needs. Designed for daily use.,2026-02-17 16:04:52.480606,2026-02-17 16:04:52.480606
174,ar,Crayons مجموعة أساسية 1,منتجات Crayons بجودة عالية ضمن فئة أدوات الفن والحرف.,منتجات Crayons بجودة عالية ضمن فئة أدوات الفن والحرف. مناسبة للاستخدام اليومي.,2026-02-17 16:04:52.480606,2026-02-17 16:04:52.480606
175,en,Crayons Pro Pack 2,Quality crayons items for art & craft supplies needs.,Quality crayons items for art & craft supplies needs. Designed for daily use.,2026-02-17 16:04:52.480606,2026-02-17 16:04:52.480606
175,ar,Crayons باقة متقدمة 2,منتجات Crayons بجودة عالية ضمن فئة أدوات الفن والحرف.,منتجات Crayons بجودة عالية ضمن فئة أدوات الفن والحرف. مناسبة للاستخدام اليومي.,2026-02-17 16:04:52.480606,2026-02-17 16:04:52.480606
176,en,Crayons Edition 3,Quality crayons items for art & craft supplies needs.,Quality crayons items for art & craft supplies needs. Designed for daily use.,2026-02-17 16:04:52.480606,2026-02-17 16:04:52.480606
176,ar,Crayons إصدار 3,منتجات Crayons بجودة عالية ضمن فئة أدوات الفن والحرف.,منتجات Crayons بجودة عالية ضمن فئة أدوات الفن والحرف. مناسبة للاستخدام اليومي.,2026-02-17 16:04:52.480606,2026-02-17 16:04:52.480606
177,en,Crayons Edition 4,Quality crayons items for art & craft supplies needs.,Quality crayons items for art & craft supplies needs. Designed for daily use.,2026-02-17 16:04:52.480606,2026-02-17 16:04:52.480606
177,ar,Crayons إصدار 4,منتجات Crayons بجودة عالية ضمن فئة أدوات الفن والحرف.,منتجات Crayons بجودة عالية ضمن فئة أدوات الفن والحرف. مناسبة للاستخدام اليومي.,2026-02-17 16:04:52.480606,2026-02-17 16:04:52.480606
178,en,Oil Pastels Core Kit 1,Quality oil pastels items for art & craft supplies needs.,Quality oil pastels items for art & craft supplies needs. Designed for daily use.,2026-02-17 16:04:52.480606,2026-02-17 16:04:52.480606
178,ar,Oil Pastels مجموعة أساسية 1,منتجات Oil Pastels بجودة عالية ضمن فئة أدوات الفن والحرف.,منتجات Oil Pastels بجودة عالية ضمن فئة أدوات الفن والحرف. مناسبة للاستخدام اليومي.,2026-02-17 16:04:52.480606,2026-02-17 16:04:52.480606
179,en,Oil Pastels Pro Pack 2,Quality oil pastels items for art & craft supplies needs.,Quality oil pastels items for art & craft supplies needs. Designed for daily use.,2026-02-17 16:04:52.480606,2026-02-17 16:04:52.480606
179,ar,Oil Pastels باقة متقدمة 2,منتجات Oil Pastels بجودة عالية ضمن فئة أدوات الفن والحرف.,منتجات Oil Pastels بجودة عالية ضمن فئة أدوات الفن والحرف. مناسبة للاستخدام اليومي.,2026-02-17 16:04:52.480606,2026-02-17 16:04:52.480606
180,en,Oil Pastels Edition 3,Quality oil pastels items for art & craft supplies needs.,Quality oil pastels items for art & craft supplies needs. Designed for daily use.,2026-02-17 16:04:52.480606,2026-02-17 16:04:52.480606
180,ar,Oil Pastels إصدار 3,منتجات Oil Pastels بجودة عالية ضمن فئة أدوات الفن والحرف.,منتجات Oil Pastels بجودة عالية ضمن فئة أدوات الفن والحرف. مناسبة للاستخدام اليومي.,2026-02-17 16:04:52.480606,2026-02-17 16:04:52.480606
181,en,Staplers Core Kit 1,Quality staplers items for office supplies needs.,Quality staplers items for office supplies needs. Designed for daily use.,2026-02-17 16:04:52.480606,2026-02-17 16:04:52.480606
181,ar,دباسات مجموعة أساسية 1,منتجات دباسات بجودة عالية ضمن فئة مستلزمات المكتب.,منتجات دباسات بجودة عالية ضمن فئة مستلزمات المكتب. مناسبة للاستخدام اليومي.,2026-02-17 16:04:52.480606,2026-02-17 16:04:52.480606
182,en,Staplers Pro Pack 2,Quality staplers items for office supplies needs.,Quality staplers items for office supplies needs. Designed for daily use.,2026-02-17 16:04:52.480606,2026-02-17 16:04:52.480606
182,ar,دباسات باقة متقدمة 2,منتجات دباسات بجودة عالية ضمن فئة مستلزمات المكتب.,منتجات دباسات بجودة عالية ضمن فئة مستلزمات المكتب. مناسبة للاستخدام اليومي.,2026-02-17 16:04:52.480606,2026-02-17 16:04:52.480606
183,en,Staplers Edition 3,Quality staplers items for office supplies needs.,Quality staplers items for office supplies needs. Designed for daily use.,2026-02-17 16:04:52.480606,2026-02-17 16:04:52.480606
183,ar,دباسات إصدار 3,منتجات دباسات بجودة عالية ضمن فئة مستلزمات المكتب.,منتجات دباسات بجودة عالية ضمن فئة مستلزمات المكتب. مناسبة للاستخدام اليومي.,2026-02-17 16:04:52.480606,2026-02-17 16:04:52.480606
184,en,Staplers Edition 4,Quality staplers items for office supplies needs.,Quality staplers items for office supplies needs. Designed for daily use.,2026-02-17 16:04:52.480606,2026-02-17 16:04:52.480606
184,ar,دباسات إصدار 4,منتجات دباسات بجودة عالية ضمن فئة مستلزمات المكتب.,منتجات دباسات بجودة عالية ضمن فئة مستلزمات المكتب. مناسبة للاستخدام اليومي.,2026-02-17 16:04:52.480606,2026-02-17 16:04:52.480606
185,en,Staplers Edition 5,Quality staplers items for office supplies needs.,Quality staplers items for office supplies needs. Designed for daily use.,2026-02-17 16:04:52.480606,2026-02-17 16:04:52.480606
185,ar,دباسات إصدار 5,منتجات دباسات بجودة عالية ضمن فئة مستلزمات المكتب.,منتجات دباسات بجودة عالية ضمن فئة مستلزمات المكتب. مناسبة للاستخدام اليومي.,2026-02-17 16:04:52.480606,2026-02-17 16:04:52.480606
186,en,Staplers Edition 6,Quality staplers items for office supplies needs.,Quality staplers items for office supplies needs. Designed for daily use.,2026-02-17 16:04:52.480606,2026-02-17 16:04:52.480606
186,ar,دباسات إصدار 6,منتجات دباسات بجودة عالية ضمن فئة مستلزمات المكتب.,منتجات دباسات بجودة عالية ضمن فئة مستلزمات المكتب. مناسبة للاستخدام اليومي.,2026-02-17 16:04:52.480606,2026-02-17 16:04:52.480606
187,en,Staplers Edition 7,Quality staplers items for office supplies needs.,Quality staplers items for office supplies needs. Designed for daily use.,2026-02-17 16:04:52.480606,2026-02-17 16:04:52.480606
187,ar,دباسات إصدار 7,منتجات دباسات بجودة عالية ضمن فئة مستلزمات المكتب.,منتجات دباسات بجودة عالية ضمن فئة مستلزمات المكتب. مناسبة للاستخدام اليومي.,2026-02-17 16:04:52.480606,2026-02-17 16:04:52.480606
188,en,Staplers Edition 8,Quality staplers items for office supplies needs.,Quality staplers items for office supplies needs. Designed for daily use.,2026-02-17 16:04:52.480606,2026-02-17 16:04:52.480606
188,ar,دباسات إصدار 8,منتجات دباسات بجودة عالية ضمن فئة مستلزمات المكتب.,منتجات دباسات بجودة عالية ضمن فئة مستلزمات المكتب. مناسبة للاستخدام اليومي.,2026-02-17 16:04:52.480606,2026-02-17 16:04:52.480606
189,en,Hole Punchers Core Kit 1,Quality hole punchers items for office supplies needs.,Quality hole punchers items for office supplies needs. Designed for daily use.,2026-02-17 16:04:52.480606,2026-02-17 16:04:52.480606
189,ar,خرامات مجموعة أساسية 1,منتجات خرامات بجودة عالية ضمن فئة مستلزمات المكتب.,منتجات خرامات بجودة عالية ضمن فئة مستلزمات المكتب. مناسبة للاستخدام اليومي.,2026-02-17 16:04:52.480606,2026-02-17 16:04:52.480606
190,en,Hole Punchers Pro Pack 2,Quality hole punchers items for office supplies needs.,Quality hole punchers items for office supplies needs. Designed for daily use.,2026-02-17 16:04:52.480606,2026-02-17 16:04:52.480606
190,ar,خرامات باقة متقدمة 2,منتجات خرامات بجودة عالية ضمن فئة مستلزمات المكتب.,منتجات خرامات بجودة عالية ضمن فئة مستلزمات المكتب. مناسبة للاستخدام اليومي.,2026-02-17 16:04:52.480606,2026-02-17 16:04:52.480606
191,en,Hole Punchers Edition 3,Quality hole punchers items for office supplies needs.,Quality hole punchers items for office supplies needs. Designed for daily use.,2026-02-17 16:04:52.480606,2026-02-17 16:04:52.480606
191,ar,خرامات إصدار 3,منتجات خرامات بجودة عالية ضمن فئة مستلزمات المكتب.,منتجات خرامات بجودة عالية ضمن فئة مستلزمات المكتب. مناسبة للاستخدام اليومي.,2026-02-17 16:04:52.480606,2026-02-17 16:04:52.480606
192,en,Hole Punchers Edition 4,Quality hole punchers items for office supplies needs.,Quality hole punchers items for office supplies needs. Designed for daily use.,2026-02-17 16:04:52.480606,2026-02-17 16:04:52.480606
208,en,Stands Edition 5,"Quality stands items for bags, cases & storage needs.","Quality stands items for bags, cases & storage needs. Designed for daily use.",2026-02-17 16:04:52.480606,2026-02-17 16:04:52.480606
192,ar,خرامات إصدار 4,منتجات خرامات بجودة عالية ضمن فئة مستلزمات المكتب.,منتجات خرامات بجودة عالية ضمن فئة مستلزمات المكتب. مناسبة للاستخدام اليومي.,2026-02-17 16:04:52.480606,2026-02-17 16:04:52.480606
193,en,Clips Core Kit 1,Quality clips items for office supplies needs.,Quality clips items for office supplies needs. Designed for daily use.,2026-02-17 16:04:52.480606,2026-02-17 16:04:52.480606
193,ar,كليبس مجموعة أساسية 1,منتجات كليبس بجودة عالية ضمن فئة مستلزمات المكتب.,منتجات كليبس بجودة عالية ضمن فئة مستلزمات المكتب. مناسبة للاستخدام اليومي.,2026-02-17 16:04:52.480606,2026-02-17 16:04:52.480606
194,en,Clips Pro Pack 2,Quality clips items for office supplies needs.,Quality clips items for office supplies needs. Designed for daily use.,2026-02-17 16:04:52.480606,2026-02-17 16:04:52.480606
194,ar,كليبس باقة متقدمة 2,منتجات كليبس بجودة عالية ضمن فئة مستلزمات المكتب.,منتجات كليبس بجودة عالية ضمن فئة مستلزمات المكتب. مناسبة للاستخدام اليومي.,2026-02-17 16:04:52.480606,2026-02-17 16:04:52.480606
195,en,Clips Edition 3,Quality clips items for office supplies needs.,Quality clips items for office supplies needs. Designed for daily use.,2026-02-17 16:04:52.480606,2026-02-17 16:04:52.480606
195,ar,كليبس إصدار 3,منتجات كليبس بجودة عالية ضمن فئة مستلزمات المكتب.,منتجات كليبس بجودة عالية ضمن فئة مستلزمات المكتب. مناسبة للاستخدام اليومي.,2026-02-17 16:04:52.480606,2026-02-17 16:04:52.480606
196,en,Clips Edition 4,Quality clips items for office supplies needs.,Quality clips items for office supplies needs. Designed for daily use.,2026-02-17 16:04:52.480606,2026-02-17 16:04:52.480606
196,ar,كليبس إصدار 4,منتجات كليبس بجودة عالية ضمن فئة مستلزمات المكتب.,منتجات كليبس بجودة عالية ضمن فئة مستلزمات المكتب. مناسبة للاستخدام اليومي.,2026-02-17 16:04:52.480606,2026-02-17 16:04:52.480606
197,en,Envelopes Core Kit 1,Quality envelopes items for office supplies needs.,Quality envelopes items for office supplies needs. Designed for daily use.,2026-02-17 16:04:52.480606,2026-02-17 16:04:52.480606
197,ar,مظاريف مجموعة أساسية 1,منتجات مظاريف بجودة عالية ضمن فئة مستلزمات المكتب.,منتجات مظاريف بجودة عالية ضمن فئة مستلزمات المكتب. مناسبة للاستخدام اليومي.,2026-02-17 16:04:52.480606,2026-02-17 16:04:52.480606
198,en,Envelopes Pro Pack 2,Quality envelopes items for office supplies needs.,Quality envelopes items for office supplies needs. Designed for daily use.,2026-02-17 16:04:52.480606,2026-02-17 16:04:52.480606
198,ar,مظاريف باقة متقدمة 2,منتجات مظاريف بجودة عالية ضمن فئة مستلزمات المكتب.,منتجات مظاريف بجودة عالية ضمن فئة مستلزمات المكتب. مناسبة للاستخدام اليومي.,2026-02-17 16:04:52.480606,2026-02-17 16:04:52.480606
199,en,Envelopes Edition 3,Quality envelopes items for office supplies needs.,Quality envelopes items for office supplies needs. Designed for daily use.,2026-02-17 16:04:52.480606,2026-02-17 16:04:52.480606
199,ar,مظاريف إصدار 3,منتجات مظاريف بجودة عالية ضمن فئة مستلزمات المكتب.,منتجات مظاريف بجودة عالية ضمن فئة مستلزمات المكتب. مناسبة للاستخدام اليومي.,2026-02-17 16:04:52.480606,2026-02-17 16:04:52.480606
200,en,Envelopes Edition 4,Quality envelopes items for office supplies needs.,Quality envelopes items for office supplies needs. Designed for daily use.,2026-02-17 16:04:52.480606,2026-02-17 16:04:52.480606
200,ar,مظاريف إصدار 4,منتجات مظاريف بجودة عالية ضمن فئة مستلزمات المكتب.,منتجات مظاريف بجودة عالية ضمن فئة مستلزمات المكتب. مناسبة للاستخدام اليومي.,2026-02-17 16:04:52.480606,2026-02-17 16:04:52.480606
201,en,Labels Core Kit 1,Quality labels items for office supplies needs.,Quality labels items for office supplies needs. Designed for daily use.,2026-02-17 16:04:52.480606,2026-02-17 16:04:52.480606
201,ar,ملصقات مجموعة أساسية 1,منتجات ملصقات بجودة عالية ضمن فئة مستلزمات المكتب.,منتجات ملصقات بجودة عالية ضمن فئة مستلزمات المكتب. مناسبة للاستخدام اليومي.,2026-02-17 16:04:52.480606,2026-02-17 16:04:52.480606
202,en,Labels Pro Pack 2,Quality labels items for office supplies needs.,Quality labels items for office supplies needs. Designed for daily use.,2026-02-17 16:04:52.480606,2026-02-17 16:04:52.480606
202,ar,ملصقات باقة متقدمة 2,منتجات ملصقات بجودة عالية ضمن فئة مستلزمات المكتب.,منتجات ملصقات بجودة عالية ضمن فئة مستلزمات المكتب. مناسبة للاستخدام اليومي.,2026-02-17 16:04:52.480606,2026-02-17 16:04:52.480606
203,en,Labels Edition 3,Quality labels items for office supplies needs.,Quality labels items for office supplies needs. Designed for daily use.,2026-02-17 16:04:52.480606,2026-02-17 16:04:52.480606
203,ar,ملصقات إصدار 3,منتجات ملصقات بجودة عالية ضمن فئة مستلزمات المكتب.,منتجات ملصقات بجودة عالية ضمن فئة مستلزمات المكتب. مناسبة للاستخدام اليومي.,2026-02-17 16:04:52.480606,2026-02-17 16:04:52.480606
204,en,Stands Core Kit 1,"Quality stands items for bags, cases & storage needs.","Quality stands items for bags, cases & storage needs. Designed for daily use.",2026-02-17 16:04:52.480606,2026-02-17 16:04:52.480606
204,ar,Stands مجموعة أساسية 1,منتجات Stands بجودة عالية ضمن فئة شنط وحافظات وتخزين.,منتجات Stands بجودة عالية ضمن فئة شنط وحافظات وتخزين. مناسبة للاستخدام اليومي.,2026-02-17 16:04:52.480606,2026-02-17 16:04:52.480606
205,en,Stands Pro Pack 2,"Quality stands items for bags, cases & storage needs.","Quality stands items for bags, cases & storage needs. Designed for daily use.",2026-02-17 16:04:52.480606,2026-02-17 16:04:52.480606
205,ar,Stands باقة متقدمة 2,منتجات Stands بجودة عالية ضمن فئة شنط وحافظات وتخزين.,منتجات Stands بجودة عالية ضمن فئة شنط وحافظات وتخزين. مناسبة للاستخدام اليومي.,2026-02-17 16:04:52.480606,2026-02-17 16:04:52.480606
206,en,Stands Edition 3,"Quality stands items for bags, cases & storage needs.","Quality stands items for bags, cases & storage needs. Designed for daily use.",2026-02-17 16:04:52.480606,2026-02-17 16:04:52.480606
206,ar,Stands إصدار 3,منتجات Stands بجودة عالية ضمن فئة شنط وحافظات وتخزين.,منتجات Stands بجودة عالية ضمن فئة شنط وحافظات وتخزين. مناسبة للاستخدام اليومي.,2026-02-17 16:04:52.480606,2026-02-17 16:04:52.480606
207,en,Stands Edition 4,"Quality stands items for bags, cases & storage needs.","Quality stands items for bags, cases & storage needs. Designed for daily use.",2026-02-17 16:04:52.480606,2026-02-17 16:04:52.480606
207,ar,Stands إصدار 4,منتجات Stands بجودة عالية ضمن فئة شنط وحافظات وتخزين.,منتجات Stands بجودة عالية ضمن فئة شنط وحافظات وتخزين. مناسبة للاستخدام اليومي.,2026-02-17 16:04:52.480606,2026-02-17 16:04:52.480606
208,ar,Stands إصدار 5,منتجات Stands بجودة عالية ضمن فئة شنط وحافظات وتخزين.,منتجات Stands بجودة عالية ضمن فئة شنط وحافظات وتخزين. مناسبة للاستخدام اليومي.,2026-02-17 16:04:52.480606,2026-02-17 16:04:52.480606
209,en,Stands Edition 6,"Quality stands items for bags, cases & storage needs.","Quality stands items for bags, cases & storage needs. Designed for daily use.",2026-02-17 16:04:52.480606,2026-02-17 16:04:52.480606
209,ar,Stands إصدار 6,منتجات Stands بجودة عالية ضمن فئة شنط وحافظات وتخزين.,منتجات Stands بجودة عالية ضمن فئة شنط وحافظات وتخزين. مناسبة للاستخدام اليومي.,2026-02-17 16:04:52.480606,2026-02-17 16:04:52.480606
210,en,Stands Edition 7,"Quality stands items for bags, cases & storage needs.","Quality stands items for bags, cases & storage needs. Designed for daily use.",2026-02-17 16:04:52.480606,2026-02-17 16:04:52.480606
210,ar,Stands إصدار 7,منتجات Stands بجودة عالية ضمن فئة شنط وحافظات وتخزين.,منتجات Stands بجودة عالية ضمن فئة شنط وحافظات وتخزين. مناسبة للاستخدام اليومي.,2026-02-17 16:04:52.480606,2026-02-17 16:04:52.480606
211,en,Stands Edition 8,"Quality stands items for bags, cases & storage needs.","Quality stands items for bags, cases & storage needs. Designed for daily use.",2026-02-17 16:04:52.480606,2026-02-17 16:04:52.480606
211,ar,Stands إصدار 8,منتجات Stands بجودة عالية ضمن فئة شنط وحافظات وتخزين.,منتجات Stands بجودة عالية ضمن فئة شنط وحافظات وتخزين. مناسبة للاستخدام اليومي.,2026-02-17 16:04:52.480606,2026-02-17 16:04:52.480606
212,en,Cabinets Core Kit 1,"Quality cabinets items for bags, cases & storage needs.","Quality cabinets items for bags, cases & storage needs. Designed for daily use.",2026-02-17 16:04:52.480606,2026-02-17 16:04:52.480606
212,ar,Cabinets مجموعة أساسية 1,منتجات Cabinets بجودة عالية ضمن فئة شنط وحافظات وتخزين.,منتجات Cabinets بجودة عالية ضمن فئة شنط وحافظات وتخزين. مناسبة للاستخدام اليومي.,2026-02-17 16:04:52.480606,2026-02-17 16:04:52.480606
213,en,Cabinets Pro Pack 2,"Quality cabinets items for bags, cases & storage needs.","Quality cabinets items for bags, cases & storage needs. Designed for daily use.",2026-02-17 16:04:52.480606,2026-02-17 16:04:52.480606
213,ar,Cabinets باقة متقدمة 2,منتجات Cabinets بجودة عالية ضمن فئة شنط وحافظات وتخزين.,منتجات Cabinets بجودة عالية ضمن فئة شنط وحافظات وتخزين. مناسبة للاستخدام اليومي.,2026-02-17 16:04:52.480606,2026-02-17 16:04:52.480606
214,en,Cabinets Edition 3,"Quality cabinets items for bags, cases & storage needs.","Quality cabinets items for bags, cases & storage needs. Designed for daily use.",2026-02-17 16:04:52.480606,2026-02-17 16:04:52.480606
214,ar,Cabinets إصدار 3,منتجات Cabinets بجودة عالية ضمن فئة شنط وحافظات وتخزين.,منتجات Cabinets بجودة عالية ضمن فئة شنط وحافظات وتخزين. مناسبة للاستخدام اليومي.,2026-02-17 16:04:52.480606,2026-02-17 16:04:52.480606
215,en,Cabinets Edition 4,"Quality cabinets items for bags, cases & storage needs.","Quality cabinets items for bags, cases & storage needs. Designed for daily use.",2026-02-17 16:04:52.480606,2026-02-17 16:04:52.480606
215,ar,Cabinets إصدار 4,منتجات Cabinets بجودة عالية ضمن فئة شنط وحافظات وتخزين.,منتجات Cabinets بجودة عالية ضمن فئة شنط وحافظات وتخزين. مناسبة للاستخدام اليومي.,2026-02-17 16:04:52.480606,2026-02-17 16:04:52.480606
216,en,Blankets Core Kit 1,Quality blankets items for household & lifestyle needs.,Quality blankets items for household & lifestyle needs. Designed for daily use.,2026-02-17 16:04:52.480606,2026-02-17 16:04:52.480606
216,ar,بطاطين مجموعة أساسية 1,منتجات بطاطين بجودة عالية ضمن فئة منزل ومستلزمات.,منتجات بطاطين بجودة عالية ضمن فئة منزل ومستلزمات. مناسبة للاستخدام اليومي.,2026-02-17 16:04:52.480606,2026-02-17 16:04:52.480606
217,en,Blankets Pro Pack 2,Quality blankets items for household & lifestyle needs.,Quality blankets items for household & lifestyle needs. Designed for daily use.,2026-02-17 16:04:52.480606,2026-02-17 16:04:52.480606
217,ar,بطاطين باقة متقدمة 2,منتجات بطاطين بجودة عالية ضمن فئة منزل ومستلزمات.,منتجات بطاطين بجودة عالية ضمن فئة منزل ومستلزمات. مناسبة للاستخدام اليومي.,2026-02-17 16:04:52.480606,2026-02-17 16:04:52.480606
218,en,Blankets Edition 3,Quality blankets items for household & lifestyle needs.,Quality blankets items for household & lifestyle needs. Designed for daily use.,2026-02-17 16:04:52.480606,2026-02-17 16:04:52.480606
218,ar,بطاطين إصدار 3,منتجات بطاطين بجودة عالية ضمن فئة منزل ومستلزمات.,منتجات بطاطين بجودة عالية ضمن فئة منزل ومستلزمات. مناسبة للاستخدام اليومي.,2026-02-17 16:04:52.480606,2026-02-17 16:04:52.480606
219,en,Blankets Edition 4,Quality blankets items for household & lifestyle needs.,Quality blankets items for household & lifestyle needs. Designed for daily use.,2026-02-17 16:04:52.480606,2026-02-17 16:04:52.480606
219,ar,بطاطين إصدار 4,منتجات بطاطين بجودة عالية ضمن فئة منزل ومستلزمات.,منتجات بطاطين بجودة عالية ضمن فئة منزل ومستلزمات. مناسبة للاستخدام اليومي.,2026-02-17 16:04:52.480606,2026-02-17 16:04:52.480606
220,en,Buckets Core Kit 1,Quality buckets items for household & lifestyle needs.,Quality buckets items for household & lifestyle needs. Designed for daily use.,2026-02-17 16:04:52.480606,2026-02-17 16:04:52.480606
220,ar,جردل مجموعة أساسية 1,منتجات جردل بجودة عالية ضمن فئة منزل ومستلزمات.,منتجات جردل بجودة عالية ضمن فئة منزل ومستلزمات. مناسبة للاستخدام اليومي.,2026-02-17 16:04:52.480606,2026-02-17 16:04:52.480606
221,en,Buckets Pro Pack 2,Quality buckets items for household & lifestyle needs.,Quality buckets items for household & lifestyle needs. Designed for daily use.,2026-02-17 16:04:52.480606,2026-02-17 16:04:52.480606
221,ar,جردل باقة متقدمة 2,منتجات جردل بجودة عالية ضمن فئة منزل ومستلزمات.,منتجات جردل بجودة عالية ضمن فئة منزل ومستلزمات. مناسبة للاستخدام اليومي.,2026-02-17 16:04:52.480606,2026-02-17 16:04:52.480606
222,en,Buckets Edition 3,Quality buckets items for household & lifestyle needs.,Quality buckets items for household & lifestyle needs. Designed for daily use.,2026-02-17 16:04:52.480606,2026-02-17 16:04:52.480606
222,ar,جردل إصدار 3,منتجات جردل بجودة عالية ضمن فئة منزل ومستلزمات.,منتجات جردل بجودة عالية ضمن فئة منزل ومستلزمات. مناسبة للاستخدام اليومي.,2026-02-17 16:04:52.480606,2026-02-17 16:04:52.480606
223,en,Rugs Core Kit 1,Quality rugs items for household & lifestyle needs.,Quality rugs items for household & lifestyle needs. Designed for daily use.,2026-02-17 16:04:52.480606,2026-02-17 16:04:52.480606
223,ar,سجاد مجموعة أساسية 1,منتجات سجاد بجودة عالية ضمن فئة منزل ومستلزمات.,منتجات سجاد بجودة عالية ضمن فئة منزل ومستلزمات. مناسبة للاستخدام اليومي.,2026-02-17 16:04:52.480606,2026-02-17 16:04:52.480606
224,en,Rugs Pro Pack 2,Quality rugs items for household & lifestyle needs.,Quality rugs items for household & lifestyle needs. Designed for daily use.,2026-02-17 16:04:52.480606,2026-02-17 16:04:52.480606
224,ar,سجاد باقة متقدمة 2,منتجات سجاد بجودة عالية ضمن فئة منزل ومستلزمات.,منتجات سجاد بجودة عالية ضمن فئة منزل ومستلزمات. مناسبة للاستخدام اليومي.,2026-02-17 16:04:52.480606,2026-02-17 16:04:52.480606
225,en,Rugs Edition 3,Quality rugs items for household & lifestyle needs.,Quality rugs items for household & lifestyle needs. Designed for daily use.,2026-02-17 16:04:52.480606,2026-02-17 16:04:52.480606
225,ar,سجاد إصدار 3,منتجات سجاد بجودة عالية ضمن فئة منزل ومستلزمات.,منتجات سجاد بجودة عالية ضمن فئة منزل ومستلزمات. مناسبة للاستخدام اليومي.,2026-02-17 16:04:52.480606,2026-02-17 16:04:52.480606
226,en,Cups Core Kit 1,Quality cups items for household & lifestyle needs.,Quality cups items for household & lifestyle needs. Designed for daily use.,2026-02-17 16:04:52.480606,2026-02-17 16:04:52.480606
226,ar,أكواب مجموعة أساسية 1,منتجات أكواب بجودة عالية ضمن فئة منزل ومستلزمات.,منتجات أكواب بجودة عالية ضمن فئة منزل ومستلزمات. مناسبة للاستخدام اليومي.,2026-02-17 16:04:52.480606,2026-02-17 16:04:52.480606
227,en,Cups Pro Pack 2,Quality cups items for household & lifestyle needs.,Quality cups items for household & lifestyle needs. Designed for daily use.,2026-02-17 16:04:52.480606,2026-02-17 16:04:52.480606
227,ar,أكواب باقة متقدمة 2,منتجات أكواب بجودة عالية ضمن فئة منزل ومستلزمات.,منتجات أكواب بجودة عالية ضمن فئة منزل ومستلزمات. مناسبة للاستخدام اليومي.,2026-02-17 16:04:52.480606,2026-02-17 16:04:52.480606
228,en,Cups Edition 3,Quality cups items for household & lifestyle needs.,Quality cups items for household & lifestyle needs. Designed for daily use.,2026-02-17 16:04:52.480606,2026-02-17 16:04:52.480606
228,ar,أكواب إصدار 3,منتجات أكواب بجودة عالية ضمن فئة منزل ومستلزمات.,منتجات أكواب بجودة عالية ضمن فئة منزل ومستلزمات. مناسبة للاستخدام اليومي.,2026-02-17 16:04:52.480606,2026-02-17 16:04:52.480606
229,en,Cups Edition 4,Quality cups items for household & lifestyle needs.,Quality cups items for household & lifestyle needs. Designed for daily use.,2026-02-17 16:04:52.480606,2026-02-17 16:04:52.480606
229,ar,أكواب إصدار 4,منتجات أكواب بجودة عالية ضمن فئة منزل ومستلزمات.,منتجات أكواب بجودة عالية ضمن فئة منزل ومستلزمات. مناسبة للاستخدام اليومي.,2026-02-17 16:04:52.480606,2026-02-17 16:04:52.480606
230,en,Mugs Core Kit 1,Quality mugs items for household & lifestyle needs.,Quality mugs items for household & lifestyle needs. Designed for daily use.,2026-02-17 16:04:52.480606,2026-02-17 16:04:52.480606
230,ar,مج مجموعة أساسية 1,منتجات مج بجودة عالية ضمن فئة منزل ومستلزمات.,منتجات مج بجودة عالية ضمن فئة منزل ومستلزمات. مناسبة للاستخدام اليومي.,2026-02-17 16:04:52.480606,2026-02-17 16:04:52.480606
231,en,Mugs Pro Pack 2,Quality mugs items for household & lifestyle needs.,Quality mugs items for household & lifestyle needs. Designed for daily use.,2026-02-17 16:04:52.480606,2026-02-17 16:04:52.480606
231,ar,مج باقة متقدمة 2,منتجات مج بجودة عالية ضمن فئة منزل ومستلزمات.,منتجات مج بجودة عالية ضمن فئة منزل ومستلزمات. مناسبة للاستخدام اليومي.,2026-02-17 16:04:52.480606,2026-02-17 16:04:52.480606
232,en,Mugs Edition 3,Quality mugs items for household & lifestyle needs.,Quality mugs items for household & lifestyle needs. Designed for daily use.,2026-02-17 16:04:52.480606,2026-02-17 16:04:52.480606
232,ar,مج إصدار 3,منتجات مج بجودة عالية ضمن فئة منزل ومستلزمات.,منتجات مج بجودة عالية ضمن فئة منزل ومستلزمات. مناسبة للاستخدام اليومي.,2026-02-17 16:04:52.480606,2026-02-17 16:04:52.480606
233,en,Mugs Edition 4,Quality mugs items for household & lifestyle needs.,Quality mugs items for household & lifestyle needs. Designed for daily use.,2026-02-17 16:04:52.480606,2026-02-17 16:04:52.480606
233,ar,مج إصدار 4,منتجات مج بجودة عالية ضمن فئة منزل ومستلزمات.,منتجات مج بجودة عالية ضمن فئة منزل ومستلزمات. مناسبة للاستخدام اليومي.,2026-02-17 16:04:52.480606,2026-02-17 16:04:52.480606
234,en,Plates Core Kit 1,Quality plates items for household & lifestyle needs.,Quality plates items for household & lifestyle needs. Designed for daily use.,2026-02-17 16:04:52.480606,2026-02-17 16:04:52.480606
234,ar,أطباق مجموعة أساسية 1,منتجات أطباق بجودة عالية ضمن فئة منزل ومستلزمات.,منتجات أطباق بجودة عالية ضمن فئة منزل ومستلزمات. مناسبة للاستخدام اليومي.,2026-02-17 16:04:52.480606,2026-02-17 16:04:52.480606
235,en,Plates Pro Pack 2,Quality plates items for household & lifestyle needs.,Quality plates items for household & lifestyle needs. Designed for daily use.,2026-02-17 16:04:52.480606,2026-02-17 16:04:52.480606
235,ar,أطباق باقة متقدمة 2,منتجات أطباق بجودة عالية ضمن فئة منزل ومستلزمات.,منتجات أطباق بجودة عالية ضمن فئة منزل ومستلزمات. مناسبة للاستخدام اليومي.,2026-02-17 16:04:52.480606,2026-02-17 16:04:52.480606
236,en,Plates Edition 3,Quality plates items for household & lifestyle needs.,Quality plates items for household & lifestyle needs. Designed for daily use.,2026-02-17 16:04:52.480606,2026-02-17 16:04:52.480606
236,ar,أطباق إصدار 3,منتجات أطباق بجودة عالية ضمن فئة منزل ومستلزمات.,منتجات أطباق بجودة عالية ضمن فئة منزل ومستلزمات. مناسبة للاستخدام اليومي.,2026-02-17 16:04:52.480606,2026-02-17 16:04:52.480606
237,en,Plates Edition 4,Quality plates items for household & lifestyle needs.,Quality plates items for household & lifestyle needs. Designed for daily use.,2026-02-17 16:04:52.480606,2026-02-17 16:04:52.480606
237,ar,أطباق إصدار 4,منتجات أطباق بجودة عالية ضمن فئة منزل ومستلزمات.,منتجات أطباق بجودة عالية ضمن فئة منزل ومستلزمات. مناسبة للاستخدام اليومي.,2026-02-17 16:04:52.480606,2026-02-17 16:04:52.480606
238,en,Holders Core Kit 1,Quality holders items for organization & filing needs.,Quality holders items for organization & filing needs. Designed for daily use.,2026-02-17 16:04:52.480606,2026-02-17 16:04:52.480606
238,ar,حامل مجموعة أساسية 1,منتجات حامل بجودة عالية ضمن فئة تنظيم وأرشفة.,منتجات حامل بجودة عالية ضمن فئة تنظيم وأرشفة. مناسبة للاستخدام اليومي.,2026-02-17 16:04:52.480606,2026-02-17 16:04:52.480606
239,en,Holders Pro Pack 2,Quality holders items for organization & filing needs.,Quality holders items for organization & filing needs. Designed for daily use.,2026-02-17 16:04:52.480606,2026-02-17 16:04:52.480606
239,ar,حامل باقة متقدمة 2,منتجات حامل بجودة عالية ضمن فئة تنظيم وأرشفة.,منتجات حامل بجودة عالية ضمن فئة تنظيم وأرشفة. مناسبة للاستخدام اليومي.,2026-02-17 16:04:52.480606,2026-02-17 16:04:52.480606
240,en,Holders Edition 3,Quality holders items for organization & filing needs.,Quality holders items for organization & filing needs. Designed for daily use.,2026-02-17 16:04:52.480606,2026-02-17 16:04:52.480606
240,ar,حامل إصدار 3,منتجات حامل بجودة عالية ضمن فئة تنظيم وأرشفة.,منتجات حامل بجودة عالية ضمن فئة تنظيم وأرشفة. مناسبة للاستخدام اليومي.,2026-02-17 16:04:52.480606,2026-02-17 16:04:52.480606
241,en,Holders Edition 4,Quality holders items for organization & filing needs.,Quality holders items for organization & filing needs. Designed for daily use.,2026-02-17 16:04:52.480606,2026-02-17 16:04:52.480606
241,ar,حامل إصدار 4,منتجات حامل بجودة عالية ضمن فئة تنظيم وأرشفة.,منتجات حامل بجودة عالية ضمن فئة تنظيم وأرشفة. مناسبة للاستخدام اليومي.,2026-02-17 16:04:52.480606,2026-02-17 16:04:52.480606
