id,sku,price,strike_price,category_id,brand_id,images,is_active,stock_quantity,low_stock_threshold,is_new,rating,reviews_count,variants,created_at,updated_at
13,KEYCHAIN-001,66.90,76.94,3,1,"""[\""https://picsum.photos/seed/findeg-350315448/900/900\""]""",t,45,10,t,4.80,5,,2026-02-17 16:04:52.480606,2026-02-17 16:04:52.480606
14,KEYCHAIN-003,67.00,77.05,3,3,"""[\""https://picsum.photos/seed/findeg-350315447/900/900\""]""",t,46,10,t,4.70,6,,2026-02-17 16:04:52.480606,2026-02-17 16:04:52.480606
15,KEYCHAIN-005,67.10,77.16,3,5,"""[\""https://picsum.photos/seed/findeg-350315446/900/900\""]""",t,47,10,f,4.60,7,,2026-02-17 16:04:52.480606,2026-02-17 16:04:52.480606
16,KEYCHAIN-007,67.20,77.28,3,7,"""[\""https://picsum.photos/seed/findeg-350315445/900/900\""]""",t,48,10,f,4.50,8,,2026-02-17 16:04:52.480606,2026-02-17 16:04:52.480606
17,KEYCHAIN-009,67.30,77.39,3,9,"""[\""https://picsum.photos/seed/findeg-350315444/900/900\""]""",t,49,10,f,4.40,9,,2026-02-17 16:04:52.480606,2026-02-17 16:04:52.480606
18,KEYCHAIN-011,67.40,77.51,3,1,"""[\""https://picsum.photos/seed/findeg-350315443/900/900\""]""",t,50,10,f,4.30,10,,2026-02-17 16:04:52.480606,2026-02-17 16:04:52.480606
19,KEYCHAIN-013,67.50,77.63,3,3,"""[\""https://picsum.photos/seed/findeg-350315442/900/900\""]""",t,51,10,f,4.20,11,,2026-02-17 16:04:52.480606,2026-02-17 16:04:52.480606
20,KEYCHAIN-015,67.60,77.74,3,5,"""[\""https://picsum.photos/seed/findeg-350315441/900/900\""]""",t,52,10,f,4.10,12,,2026-02-17 16:04:52.480606,2026-02-17 16:04:52.480606
21,WATCHES-009,51.50,59.22,4,9,"""[\""https://picsum.photos/seed/findeg-2068317612/900/900\""]""",t,59,10,t,4.40,177,,2026-02-17 16:04:52.480606,2026-02-17 16:04:52.480606
22,WATCHES-011,51.40,59.11,4,1,"""[\""https://picsum.photos/seed/findeg-2068317611/900/900\""]""",t,58,10,t,4.50,176,,2026-02-17 16:04:52.480606,2026-02-17 16:04:52.480606
23,WATCHES-013,51.30,58.99,4,3,"""[\""https://picsum.photos/seed/findeg-2068317610/900/900\""]""",t,57,10,f,4.60,175,,2026-02-17 16:04:52.480606,2026-02-17 16:04:52.480606
24,WATCHES-015,51.20,58.88,4,5,"""[\""https://picsum.photos/seed/findeg-2068317609/900/900\""]""",t,56,10,f,4.70,174,,2026-02-17 16:04:52.480606,2026-02-17 16:04:52.480606
25,WATCHES-017,51.10,58.77,4,7,"""[\""https://picsum.photos/seed/findeg-2068317608/900/900\""]""",t,55,10,f,4.80,173,,2026-02-17 16:04:52.480606,2026-02-17 16:04:52.480606
26,WATCHES-019,51.00,58.65,4,9,"""[\""https://picsum.photos/seed/findeg-2068317607/900/900\""]""",t,54,10,f,4.90,172,,2026-02-17 16:04:52.480606,2026-02-17 16:04:52.480606
27,BADGES-015,49.20,56.58,5,5,"""[\""https://picsum.photos/seed/findeg-2088708005/900/900\""]""",t,128,10,t,4.50,28,,2026-02-17 16:04:52.480606,2026-02-17 16:04:52.480606
28,BADGES-017,49.30,56.69,5,7,"""[\""https://picsum.photos/seed/findeg-2088708006/900/900\""]""",t,127,10,t,4.60,27,,2026-02-17 16:04:52.480606,2026-02-17 16:04:52.480606
29,BADGES-019,49.40,56.81,5,9,"""[\""https://picsum.photos/seed/findeg-2088708007/900/900\""]""",t,126,10,f,4.70,26,,2026-02-17 16:04:52.480606,2026-02-17 16:04:52.480606
30,BADGES-021,49.50,56.92,5,1,"""[\""https://picsum.photos/seed/findeg-2088708008/900/900\""]""",t,125,10,f,4.80,25,,2026-02-17 16:04:52.480606,2026-02-17 16:04:52.480606
31,BADGES-023,49.60,57.04,5,3,"""[\""https://picsum.photos/seed/findeg-2088708009/900/900\""]""",t,124,10,f,4.90,24,,2026-02-17 16:04:52.480606,2026-02-17 16:04:52.480606
32,BADGES-025,49.70,57.16,5,5,"""[\""https://picsum.photos/seed/findeg-2088708010/900/900\""]""",t,123,10,f,3.80,23,,2026-02-17 16:04:52.480606,2026-02-17 16:04:52.480606
33,FRAMES-021,119.40,137.31,6,1,"""[\""https://picsum.photos/seed/findeg-1702638181/900/900\""]""",t,138,10,t,4.30,172,,2026-02-17 16:04:52.480606,2026-02-17 16:04:52.480606
34,FRAMES-023,119.30,137.19,6,3,"""[\""https://picsum.photos/seed/findeg-1702638180/900/900\""]""",t,137,10,t,4.40,173,,2026-02-17 16:04:52.480606,2026-02-17 16:04:52.480606
35,FRAMES-025,119.20,137.08,6,5,"""[\""https://picsum.photos/seed/findeg-1702638179/900/900\""]""",t,136,10,f,4.50,174,,2026-02-17 16:04:52.480606,2026-02-17 16:04:52.480606
36,BALLOONS-024,17.20,19.78,8,4,"""[\""https://picsum.photos/seed/findeg-1311957031/900/900\""]""",t,76,10,t,4.70,40,,2026-02-17 16:04:52.480606,2026-02-17 16:04:52.480606
37,BALLOONS-026,17.10,19.66,8,6,"""[\""https://picsum.photos/seed/findeg-1311957030/900/900\""]""",t,75,10,t,4.60,39,,2026-02-17 16:04:52.480606,2026-02-17 16:04:52.480606
38,BALLOONS-028,17.00,19.55,8,8,"""[\""https://picsum.photos/seed/findeg-1311957029/900/900\""]""",t,74,10,f,4.50,38,,2026-02-17 16:04:52.480606,2026-02-17 16:04:52.480606
39,BALLOONS-030,16.90,19.43,8,10,"""[\""https://picsum.photos/seed/findeg-1311957028/900/900\""]""",t,73,10,f,4.40,37,,2026-02-17 16:04:52.480606,2026-02-17 16:04:52.480606
40,BALLOONS-032,16.80,19.32,8,2,"""[\""https://picsum.photos/seed/findeg-1311957027/900/900\""]""",t,72,10,f,4.30,36,,2026-02-17 16:04:52.480606,2026-02-17 16:04:52.480606
41,BALLOONS-034,16.70,19.20,8,4,"""[\""https://picsum.photos/seed/findeg-1311957026/900/900\""]""",t,71,10,f,4.20,35,,2026-02-17 16:04:52.480606,2026-02-17 16:04:52.480606
42,BALLOONS-036,16.60,19.09,8,6,"""[\""https://picsum.photos/seed/findeg-1311957025/900/900\""]""",t,70,10,f,4.10,34,,2026-02-17 16:04:52.480606,2026-02-17 16:04:52.480606
43,BALLOONS-038,16.50,18.97,8,8,"""[\""https://picsum.photos/seed/findeg-1311957024/900/900\""]""",t,69,10,f,4.00,33,,2026-02-17 16:04:52.480606,2026-02-17 16:04:52.480606
44,POSTERS-032,35.40,40.71,9,2,"""[\""https://picsum.photos/seed/findeg-220278557/900/900\""]""",t,130,10,t,4.30,42,,2026-02-17 16:04:52.480606,2026-02-17 16:04:52.480606
45,POSTERS-034,35.50,40.82,9,4,"""[\""https://picsum.photos/seed/findeg-220278558/900/900\""]""",t,131,10,t,4.20,43,,2026-02-17 16:04:52.480606,2026-02-17 16:04:52.480606
46,POSTERS-036,35.60,40.94,9,6,"""[\""https://picsum.photos/seed/findeg-220278559/900/900\""]""",t,132,10,f,4.10,44,,2026-02-17 16:04:52.480606,2026-02-17 16:04:52.480606
47,POSTERS-038,35.70,41.05,9,8,"""[\""https://picsum.photos/seed/findeg-220278560/900/900\""]""",t,133,10,f,4.00,45,,2026-02-17 16:04:52.480606,2026-02-17 16:04:52.480606
48,POSTERS-040,35.80,41.17,9,10,"""[\""https://picsum.photos/seed/findeg-220278561/900/900\""]""",t,134,10,f,3.90,46,,2026-02-17 16:04:52.480606,2026-02-17 16:04:52.480606
49,POSTERS-042,35.90,41.28,9,2,"""[\""https://picsum.photos/seed/findeg-220278562/900/900\""]""",t,135,10,f,3.80,47,,2026-02-17 16:04:52.480606,2026-02-17 16:04:52.480606
50,RAMADANL-038,107.60,123.74,11,8,"""[\""https://picsum.photos/seed/findeg-912204127/900/900\""]""",t,48,10,t,4.50,116,,2026-02-17 16:04:52.480606,2026-02-17 16:04:52.480606
51,RAMADANL-040,107.50,123.62,11,10,"""[\""https://picsum.photos/seed/findeg-912204126/900/900\""]""",t,49,10,t,4.60,115,,2026-02-17 16:04:52.480606,2026-02-17 16:04:52.480606
52,RAMADANL-042,107.40,123.51,11,2,"""[\""https://picsum.photos/seed/findeg-912204125/900/900\""]""",t,50,10,f,4.70,114,,2026-02-17 16:04:52.480606,2026-02-17 16:04:52.480606
53,RAMADANL-044,107.30,123.39,11,4,"""[\""https://picsum.photos/seed/findeg-912204124/900/900\""]""",t,51,10,f,4.80,113,,2026-02-17 16:04:52.480606,2026-02-17 16:04:52.480606
54,RAMADANL-046,107.20,123.28,11,6,"""[\""https://picsum.photos/seed/findeg-912204123/900/900\""]""",t,52,10,f,4.90,112,,2026-02-17 16:04:52.480606,2026-02-17 16:04:52.480606
55,RAMADANL-048,107.10,123.16,11,8,"""[\""https://picsum.photos/seed/findeg-912204122/900/900\""]""",t,53,10,f,3.80,111,,2026-02-17 16:04:52.480606,2026-02-17 16:04:52.480606
56,RAMADANL-050,107.00,123.05,11,10,"""[\""https://picsum.photos/seed/findeg-912204121/900/900\""]""",t,54,10,f,3.90,110,,2026-02-17 16:04:52.480606,2026-02-17 16:04:52.480606
57,RAMADANL-052,106.90,122.94,11,2,"""[\""https://picsum.photos/seed/findeg-912204120/900/900\""]""",t,55,10,f,4.00,109,,2026-02-17 16:04:52.480606,2026-02-17 16:04:52.480606
58,CERTIFIC-046,117.60,135.24,13,6,"""[\""https://picsum.photos/seed/findeg-903979505/900/900\""]""",t,52,10,t,4.10,90,,2026-02-17 16:04:52.480606,2026-02-17 16:04:52.480606
59,CERTIFIC-048,117.70,135.35,13,8,"""[\""https://picsum.photos/seed/findeg-903979506/900/900\""]""",t,51,10,t,4.20,91,,2026-02-17 16:04:52.480606,2026-02-17 16:04:52.480606
60,CERTIFIC-050,117.80,135.47,13,10,"""[\""https://picsum.photos/seed/findeg-903979507/900/900\""]""",t,50,10,f,4.30,92,,2026-02-17 16:04:52.480606,2026-02-17 16:04:52.480606
61,CERTIFIC-052,117.90,135.59,13,2,"""[\""https://picsum.photos/seed/findeg-903979508/900/900\""]""",t,49,10,f,4.40,93,,2026-02-17 16:04:52.480606,2026-02-17 16:04:52.480606
62,WATERBOT-050,21.10,24.27,16,10,"""[\""https://picsum.photos/seed/findeg-57658894/900/900\""]""",t,161,10,t,4.60,63,,2026-02-17 16:04:52.480606,2026-02-17 16:04:52.480606
63,WATERBOT-052,21.20,24.38,16,2,"""[\""https://picsum.photos/seed/findeg-57658895/900/900\""]""",t,160,10,t,4.70,64,,2026-02-17 16:04:52.480606,2026-02-17 16:04:52.480606
64,WATERBOT-054,21.30,24.49,16,4,"""[\""https://picsum.photos/seed/findeg-57658896/900/900\""]""",t,159,10,f,4.80,65,,2026-02-17 16:04:52.480606,2026-02-17 16:04:52.480606
65,WATERBOT-056,21.40,24.61,16,6,"""[\""https://picsum.photos/seed/findeg-57658897/900/900\""]""",t,158,10,f,4.90,66,,2026-02-17 16:04:52.480606,2026-02-17 16:04:52.480606
66,WATERBOT-058,21.50,24.72,16,8,"""[\""https://picsum.photos/seed/findeg-57658898/900/900\""]""",t,157,10,f,3.80,67,,2026-02-17 16:04:52.480606,2026-02-17 16:04:52.480606
67,WATERBOT-060,21.60,24.84,16,10,"""[\""https://picsum.photos/seed/findeg-57658899/900/900\""]""",t,156,10,f,3.90,68,,2026-02-17 16:04:52.480606,2026-02-17 16:04:52.480606
68,WATERBOT-062,21.70,24.95,16,2,"""[\""https://picsum.photos/seed/findeg-57658900/900/900\""]""",t,155,10,f,4.00,69,,2026-02-17 16:04:52.480606,2026-02-17 16:04:52.480606
69,WATERBOT-064,21.80,25.07,16,4,"""[\""https://picsum.photos/seed/findeg-57658901/900/900\""]""",t,154,10,f,4.10,70,,2026-02-17 16:04:52.480606,2026-02-17 16:04:52.480606
70,WATERBOT-066,21.90,25.18,16,6,"""[\""https://picsum.photos/seed/findeg-57658902/900/900\""]""",t,153,10,f,4.20,71,,2026-02-17 16:04:52.480606,2026-02-17 16:04:52.480606
71,WATERBOT-068,22.00,25.30,16,8,"""[\""https://picsum.photos/seed/findeg-57658903/900/900\""]""",t,152,10,f,4.30,72,,2026-02-17 16:04:52.480606,2026-02-17 16:04:52.480606
72,LUNCHBOX-060,99.30,114.19,17,10,"""[\""https://picsum.photos/seed/findeg-1892379132/900/900\""]""",t,33,10,t,4.00,33,,2026-02-17 16:04:52.480606,2026-02-17 16:04:52.480606
73,LUNCHBOX-062,99.20,114.08,17,2,"""[\""https://picsum.photos/seed/findeg-1892379131/900/900\""]""",t,32,10,t,4.10,34,,2026-02-17 16:04:52.480606,2026-02-17 16:04:52.480606
74,LUNCHBOX-064,99.10,113.96,17,4,"""[\""https://picsum.photos/seed/findeg-1892379130/900/900\""]""",t,31,10,f,4.20,35,,2026-02-17 16:04:52.480606,2026-02-17 16:04:52.480606
75,LUNCHBOX-066,99.00,113.85,17,6,"""[\""https://picsum.photos/seed/findeg-1892379129/900/900\""]""",t,30,10,f,4.30,36,,2026-02-17 16:04:52.480606,2026-02-17 16:04:52.480606
76,LUNCHBOX-068,98.90,113.73,17,8,"""[\""https://picsum.photos/seed/findeg-1892379128/900/900\""]""",t,29,10,f,4.40,37,,2026-02-17 16:04:52.480606,2026-02-17 16:04:52.480606
77,LUNCHBOX-070,98.80,113.62,17,10,"""[\""https://picsum.photos/seed/findeg-1892379127/900/900\""]""",t,28,10,f,4.50,38,,2026-02-17 16:04:52.480606,2026-02-17 16:04:52.480606
78,LUNCHBOX-072,98.70,113.50,17,2,"""[\""https://picsum.photos/seed/findeg-1892379126/900/900\""]""",t,27,10,f,4.60,39,,2026-02-17 16:04:52.480606,2026-02-17 16:04:52.480606
79,LUNCHBOX-074,98.60,113.39,17,4,"""[\""https://picsum.photos/seed/findeg-1892379125/900/900\""]""",t,26,10,f,4.70,40,,2026-02-17 16:04:52.480606,2026-02-17 16:04:52.480606
80,RULERS-068,66.50,76.47,19,8,"""[\""https://picsum.photos/seed/findeg-706680178/900/900\""]""",t,161,10,t,3.80,95,,2026-02-17 16:04:52.480606,2026-02-17 16:04:52.480606
81,RULERS-070,66.60,76.59,19,10,"""[\""https://picsum.photos/seed/findeg-706680179/900/900\""]""",t,162,10,t,4.90,94,,2026-02-17 16:04:52.480606,2026-02-17 16:04:52.480606
82,RULERS-072,66.70,76.70,19,2,"""[\""https://picsum.photos/seed/findeg-706680180/900/900\""]""",t,163,10,f,4.80,93,,2026-02-17 16:04:52.480606,2026-02-17 16:04:52.480606
83,RULERS-074,66.80,76.82,19,4,"""[\""https://picsum.photos/seed/findeg-706680181/900/900\""]""",t,164,10,f,4.70,92,,2026-02-17 16:04:52.480606,2026-02-17 16:04:52.480606
84,RULERS-076,66.90,76.94,19,6,"""[\""https://picsum.photos/seed/findeg-706680182/900/900\""]""",t,165,10,f,4.60,91,,2026-02-17 16:04:52.480606,2026-02-17 16:04:52.480606
85,RULERS-078,67.00,77.05,19,8,"""[\""https://picsum.photos/seed/findeg-706680183/900/900\""]""",t,166,10,f,4.50,90,,2026-02-17 16:04:52.480606,2026-02-17 16:04:52.480606
86,MATHSETS-074,62.60,71.99,20,4,"""[\""https://picsum.photos/seed/findeg-1396957709/900/900\""]""",t,34,10,t,4.50,64,,2026-02-17 16:04:52.480606,2026-02-17 16:04:52.480606
87,MATHSETS-076,62.70,72.11,20,6,"""[\""https://picsum.photos/seed/findeg-1396957710/900/900\""]""",t,33,10,t,4.60,63,,2026-02-17 16:04:52.480606,2026-02-17 16:04:52.480606
88,MATHSETS-078,62.80,72.22,20,8,"""[\""https://picsum.photos/seed/findeg-1396957711/900/900\""]""",t,32,10,f,4.70,62,,2026-02-17 16:04:52.480606,2026-02-17 16:04:52.480606
89,MATHSETS-080,62.90,72.33,20,10,"""[\""https://picsum.photos/seed/findeg-1396957712/900/900\""]""",t,31,10,f,4.80,61,,2026-02-17 16:04:52.480606,2026-02-17 16:04:52.480606
90,SETSQUAR-078,115.70,133.06,21,8,"""[\""https://picsum.photos/seed/findeg-474917598/900/900\""]""",t,103,10,t,4.20,119,,2026-02-17 16:04:52.480606,2026-02-17 16:04:52.480606
91,SETSQUAR-080,115.60,132.94,21,10,"""[\""https://picsum.photos/seed/findeg-474917597/900/900\""]""",t,104,10,t,4.30,118,,2026-02-17 16:04:52.480606,2026-02-17 16:04:52.480606
92,SETSQUAR-082,115.50,132.82,21,2,"""[\""https://picsum.photos/seed/findeg-474917596/900/900\""]""",t,105,10,f,4.40,117,,2026-02-17 16:04:52.480606,2026-02-17 16:04:52.480606
93,COMPASSE-081,60.80,69.92,22,1,"""[\""https://picsum.photos/seed/findeg-821693225/900/900\""]""",t,28,10,t,4.10,108,,2026-02-17 16:04:52.480606,2026-02-17 16:04:52.480606
94,COMPASSE-083,60.70,69.80,22,3,"""[\""https://picsum.photos/seed/findeg-821693224/900/900\""]""",t,29,10,t,4.00,109,,2026-02-17 16:04:52.480606,2026-02-17 16:04:52.480606
95,COMPASSE-085,60.60,69.69,22,5,"""[\""https://picsum.photos/seed/findeg-821693223/900/900\""]""",t,30,10,f,3.90,110,,2026-02-17 16:04:52.480606,2026-02-17 16:04:52.480606
96,PROTRACT-084,45.50,52.32,23,4,"""[\""https://picsum.photos/seed/findeg-1445668896/900/900\""]""",t,165,10,t,4.80,9,,2026-02-17 16:04:52.480606,2026-02-17 16:04:52.480606
97,PROTRACT-086,45.40,52.21,23,6,"""[\""https://picsum.photos/seed/findeg-1445668895/900/900\""]""",t,166,10,t,4.90,10,,2026-02-17 16:04:52.480606,2026-02-17 16:04:52.480606
98,PROTRACT-088,45.30,52.09,23,8,"""[\""https://picsum.photos/seed/findeg-1445668894/900/900\""]""",t,167,10,f,3.80,11,,2026-02-17 16:04:52.480606,2026-02-17 16:04:52.480606
99,ERASERS-087,74.50,85.67,26,7,"""[\""https://picsum.photos/seed/findeg-737078654/900/900\""]""",t,67,10,t,4.60,159,,2026-02-17 16:04:52.480606,2026-02-17 16:04:52.480606
100,ERASERS-089,74.40,85.56,26,9,"""[\""https://picsum.photos/seed/findeg-737078655/900/900\""]""",t,68,10,t,4.50,160,,2026-02-17 16:04:52.480606,2026-02-17 16:04:52.480606
101,ERASERS-091,74.30,85.44,26,1,"""[\""https://picsum.photos/seed/findeg-737078656/900/900\""]""",t,69,10,f,4.40,161,,2026-02-17 16:04:52.480606,2026-02-17 16:04:52.480606
102,ERASERS-093,74.20,85.33,26,3,"""[\""https://picsum.photos/seed/findeg-737078657/900/900\""]""",t,70,10,f,4.30,162,,2026-02-17 16:04:52.480606,2026-02-17 16:04:52.480606
103,ERASERS-095,74.10,85.21,26,5,"""[\""https://picsum.photos/seed/findeg-737078658/900/900\""]""",t,71,10,f,4.20,163,,2026-02-17 16:04:52.480606,2026-02-17 16:04:52.480606
104,ERASERS-097,74.00,85.10,26,7,"""[\""https://picsum.photos/seed/findeg-737078659/900/900\""]""",t,72,10,f,4.10,164,,2026-02-17 16:04:52.480606,2026-02-17 16:04:52.480606
105,ERASERS-099,73.90,84.98,26,9,"""[\""https://picsum.photos/seed/findeg-737078660/900/900\""]""",t,73,10,f,4.00,165,,2026-02-17 16:04:52.480606,2026-02-17 16:04:52.480606
106,ERASERS-101,73.80,84.87,26,1,"""[\""https://picsum.photos/seed/findeg-737078661/900/900\""]""",t,74,10,f,3.90,166,,2026-02-17 16:04:52.480606,2026-02-17 16:04:52.480606
107,SHARPENE-095,110.10,126.61,27,5,"""[\""https://picsum.photos/seed/findeg-1488729256/900/900\""]""",t,55,10,t,4.00,145,,2026-02-17 16:04:52.480606,2026-02-17 16:04:52.480606
108,SHARPENE-097,110.00,126.50,27,7,"""[\""https://picsum.photos/seed/findeg-1488729257/900/900\""]""",t,56,10,t,4.10,144,,2026-02-17 16:04:52.480606,2026-02-17 16:04:52.480606
109,SHARPENE-099,109.90,126.38,27,9,"""[\""https://picsum.photos/seed/findeg-1488729258/900/900\""]""",t,57,10,f,4.20,143,,2026-02-17 16:04:52.480606,2026-02-17 16:04:52.480606
110,SHARPENE-101,109.80,126.27,27,1,"""[\""https://picsum.photos/seed/findeg-1488729259/900/900\""]""",t,58,10,f,4.30,142,,2026-02-17 16:04:52.480606,2026-02-17 16:04:52.480606
111,SHARPENE-103,109.70,126.15,27,3,"""[\""https://picsum.photos/seed/findeg-1488729260/900/900\""]""",t,59,10,f,4.40,141,,2026-02-17 16:04:52.480606,2026-02-17 16:04:52.480606
112,SHARPENE-105,109.60,126.04,27,5,"""[\""https://picsum.photos/seed/findeg-1488729261/900/900\""]""",t,60,10,f,4.50,140,,2026-02-17 16:04:52.480606,2026-02-17 16:04:52.480606
113,SHARPENE-107,109.50,125.92,27,7,"""[\""https://picsum.photos/seed/findeg-1488729262/900/900\""]""",t,61,10,f,4.60,139,,2026-02-17 16:04:52.480606,2026-02-17 16:04:52.480606
114,SHARPENE-109,109.40,125.81,27,9,"""[\""https://picsum.photos/seed/findeg-1488729263/900/900\""]""",t,62,10,f,4.70,138,,2026-02-17 16:04:52.480606,2026-02-17 16:04:52.480606
115,WHITEBOA-103,128.50,147.77,29,3,"""[\""https://picsum.photos/seed/findeg-1208544322/900/900\""]""",t,45,10,t,4.20,175,,2026-02-17 16:04:52.480606,2026-02-17 16:04:52.480606
116,WHITEBOA-105,128.60,147.89,29,5,"""[\""https://picsum.photos/seed/findeg-1208544321/900/900\""]""",t,46,10,t,4.10,174,,2026-02-17 16:04:52.480606,2026-02-17 16:04:52.480606
117,WHITEBOA-107,128.70,148.00,29,7,"""[\""https://picsum.photos/seed/findeg-1208544320/900/900\""]""",t,47,10,f,4.00,173,,2026-02-17 16:04:52.480606,2026-02-17 16:04:52.480606
118,WHITEBOA-109,128.80,148.12,29,9,"""[\""https://picsum.photos/seed/findeg-1208544319/900/900\""]""",t,48,10,f,3.90,172,,2026-02-17 16:04:52.480606,2026-02-17 16:04:52.480606
119,WHITEBOA-111,128.90,148.23,29,1,"""[\""https://picsum.photos/seed/findeg-1208544318/900/900\""]""",t,49,10,f,3.80,171,,2026-02-17 16:04:52.480606,2026-02-17 16:04:52.480606
120,WHITEBOA-113,129.00,148.35,29,3,"""[\""https://picsum.photos/seed/findeg-1208544317/900/900\""]""",t,50,10,f,4.90,170,,2026-02-17 16:04:52.480606,2026-02-17 16:04:52.480606
121,PERMANEN-109,127.00,146.05,30,9,"""[\""https://picsum.photos/seed/findeg-1699132785/900/900\""]""",t,30,10,t,4.90,40,,2026-02-17 16:04:52.480606,2026-02-17 16:04:52.480606
122,PERMANEN-111,127.10,146.16,30,1,"""[\""https://picsum.photos/seed/findeg-1699132786/900/900\""]""",t,29,10,t,3.80,39,,2026-02-17 16:04:52.480606,2026-02-17 16:04:52.480606
123,PERMANEN-113,127.20,146.28,30,3,"""[\""https://picsum.photos/seed/findeg-1699132787/900/900\""]""",t,28,10,f,3.90,38,,2026-02-17 16:04:52.480606,2026-02-17 16:04:52.480606
124,HIGHLIGH-112,70.20,80.73,31,2,"""[\""https://picsum.photos/seed/findeg-68338969/900/900\""]""",t,150,10,t,4.70,154,,2026-02-17 16:04:52.480606,2026-02-17 16:04:52.480606
125,HIGHLIGH-114,70.30,80.84,31,4,"""[\""https://picsum.photos/seed/findeg-68338968/900/900\""]""",t,151,10,t,4.80,153,,2026-02-17 16:04:52.480606,2026-02-17 16:04:52.480606
126,HIGHLIGH-116,70.40,80.96,31,6,"""[\""https://picsum.photos/seed/findeg-68338967/900/900\""]""",t,152,10,f,4.90,152,,2026-02-17 16:04:52.480606,2026-02-17 16:04:52.480606
127,GELPENS-115,127.10,146.16,33,5,"""[\""https://picsum.photos/seed/findeg-993170930/900/900\""]""",t,55,10,t,4.20,131,,2026-02-17 16:04:52.480606,2026-02-17 16:04:52.480606
128,GELPENS-117,127.00,146.05,33,7,"""[\""https://picsum.photos/seed/findeg-993170929/900/900\""]""",t,54,10,t,4.10,132,,2026-02-17 16:04:52.480606,2026-02-17 16:04:52.480606
129,GELPENS-119,126.90,145.94,33,9,"""[\""https://picsum.photos/seed/findeg-993170928/900/900\""]""",t,53,10,f,4.00,133,,2026-02-17 16:04:52.480606,2026-02-17 16:04:52.480606
130,BALLPOIN-118,51.40,59.11,34,8,"""[\""https://picsum.photos/seed/findeg-679582155/900/900\""]""",t,122,10,t,4.90,58,,2026-02-17 16:04:52.480606,2026-02-17 16:04:52.480606
131,BALLPOIN-120,51.50,59.22,34,10,"""[\""https://picsum.photos/seed/findeg-679582156/900/900\""]""",t,121,10,t,4.80,57,,2026-02-17 16:04:52.480606,2026-02-17 16:04:52.480606
132,BALLPOIN-122,51.60,59.34,34,2,"""[\""https://picsum.photos/seed/findeg-679582157/900/900\""]""",t,120,10,f,4.70,56,,2026-02-17 16:04:52.480606,2026-02-17 16:04:52.480606
133,FOUNTAIN-121,87.70,100.85,35,1,"""[\""https://picsum.photos/seed/findeg-1432779402/900/900\""]""",t,47,10,t,3.80,131,,2026-02-17 16:04:52.480606,2026-02-17 16:04:52.480606
134,FOUNTAIN-123,87.60,100.74,35,3,"""[\""https://picsum.photos/seed/findeg-1432779403/900/900\""]""",t,48,10,t,4.90,132,,2026-02-17 16:04:52.480606,2026-02-17 16:04:52.480606
135,FOUNTAIN-125,87.50,100.62,35,5,"""[\""https://picsum.photos/seed/findeg-1432779404/900/900\""]""",t,49,10,f,4.80,133,,2026-02-17 16:04:52.480606,2026-02-17 16:04:52.480606
136,MECHANIC-124,123.30,141.79,37,4,"""[\""https://picsum.photos/seed/findeg-2120278324/900/900\""]""",t,81,10,t,4.80,113,,2026-02-17 16:04:52.480606,2026-02-17 16:04:52.480606
137,MECHANIC-126,123.40,141.91,37,6,"""[\""https://picsum.photos/seed/findeg-2120278323/900/900\""]""",t,82,10,t,4.70,114,,2026-02-17 16:04:52.480606,2026-02-17 16:04:52.480606
138,MECHANIC-128,123.50,142.02,37,8,"""[\""https://picsum.photos/seed/findeg-2120278322/900/900\""]""",t,83,10,f,4.60,115,,2026-02-17 16:04:52.480606,2026-02-17 16:04:52.480606
139,VEHICLES-127,132.10,151.91,40,7,"""[\""https://picsum.photos/seed/findeg-977549380/900/900\""]""",t,105,10,t,4.40,21,,2026-02-17 16:04:52.480606,2026-02-17 16:04:52.480606
140,VEHICLES-129,132.00,151.80,40,9,"""[\""https://picsum.photos/seed/findeg-977549379/900/900\""]""",t,104,10,t,4.30,22,,2026-02-17 16:04:52.480606,2026-02-17 16:04:52.480606
141,VEHICLES-131,131.90,151.69,40,1,"""[\""https://picsum.photos/seed/findeg-977549378/900/900\""]""",t,103,10,f,4.20,23,,2026-02-17 16:04:52.480606,2026-02-17 16:04:52.480606
142,VEHICLES-133,131.80,151.57,40,3,"""[\""https://picsum.photos/seed/findeg-977549377/900/900\""]""",t,102,10,f,4.10,24,,2026-02-17 16:04:52.480606,2026-02-17 16:04:52.480606
143,VEHICLES-135,131.70,151.45,40,5,"""[\""https://picsum.photos/seed/findeg-977549376/900/900\""]""",t,101,10,f,4.00,25,,2026-02-17 16:04:52.480606,2026-02-17 16:04:52.480606
144,VEHICLES-137,131.60,151.34,40,7,"""[\""https://picsum.photos/seed/findeg-977549375/900/900\""]""",t,100,10,f,3.90,26,,2026-02-17 16:04:52.480606,2026-02-17 16:04:52.480606
145,VEHICLES-139,131.50,151.22,40,9,"""[\""https://picsum.photos/seed/findeg-977549374/900/900\""]""",t,99,10,f,3.80,27,,2026-02-17 16:04:52.480606,2026-02-17 16:04:52.480606
146,VEHICLES-141,131.40,151.11,40,1,"""[\""https://picsum.photos/seed/findeg-977549373/900/900\""]""",t,98,10,f,4.90,28,,2026-02-17 16:04:52.480606,2026-02-17 16:04:52.480606
147,DOLLS-135,85.20,97.98,41,5,"""[\""https://picsum.photos/seed/findeg-1142363295/900/900\""]""",t,48,10,t,4.70,32,,2026-02-17 16:04:52.480606,2026-02-17 16:04:52.480606
148,DOLLS-137,85.30,98.09,41,7,"""[\""https://picsum.photos/seed/findeg-1142363296/900/900\""]""",t,47,10,t,4.80,33,,2026-02-17 16:04:52.480606,2026-02-17 16:04:52.480606
149,DOLLS-139,85.40,98.21,41,9,"""[\""https://picsum.photos/seed/findeg-1142363297/900/900\""]""",t,46,10,f,4.90,34,,2026-02-17 16:04:52.480606,2026-02-17 16:04:52.480606
150,DOLLS-141,85.50,98.32,41,1,"""[\""https://picsum.photos/seed/findeg-1142363298/900/900\""]""",t,45,10,f,3.80,35,,2026-02-17 16:04:52.480606,2026-02-17 16:04:52.480606
151,DOLLS-143,85.60,98.44,41,3,"""[\""https://picsum.photos/seed/findeg-1142363299/900/900\""]""",t,44,10,f,3.90,36,,2026-02-17 16:04:52.480606,2026-02-17 16:04:52.480606
152,DOLLS-145,85.70,98.55,41,5,"""[\""https://picsum.photos/seed/findeg-1142363300/900/900\""]""",t,43,10,f,4.00,37,,2026-02-17 16:04:52.480606,2026-02-17 16:04:52.480606
153,DOLLS-147,85.80,98.67,41,7,"""[\""https://picsum.photos/seed/findeg-1142363301/900/900\""]""",t,42,10,f,4.10,38,,2026-02-17 16:04:52.480606,2026-02-17 16:04:52.480606
154,DOLLS-149,85.90,98.78,41,9,"""[\""https://picsum.photos/seed/findeg-1142363302/900/900\""]""",t,41,10,f,4.20,39,,2026-02-17 16:04:52.480606,2026-02-17 16:04:52.480606
155,FOAMSHEE-143,131.60,151.34,44,3,"""[\""https://picsum.photos/seed/findeg-1260684957/900/900\""]""",t,104,10,t,3.90,108,,2026-02-17 16:04:52.480606,2026-02-17 16:04:52.480606
156,FOAMSHEE-145,131.50,151.22,44,5,"""[\""https://picsum.photos/seed/findeg-1260684956/900/900\""]""",t,105,10,t,4.00,109,,2026-02-17 16:04:52.480606,2026-02-17 16:04:52.480606
157,FOAMSHEE-147,131.40,151.11,44,7,"""[\""https://picsum.photos/seed/findeg-1260684955/900/900\""]""",t,106,10,f,4.10,110,,2026-02-17 16:04:52.480606,2026-02-17 16:04:52.480606
158,FOAMSHEE-149,131.30,151.00,44,9,"""[\""https://picsum.photos/seed/findeg-1260684954/900/900\""]""",t,107,10,f,4.20,111,,2026-02-17 16:04:52.480606,2026-02-17 16:04:52.480606
159,FOAMSHEE-151,131.20,150.88,44,1,"""[\""https://picsum.photos/seed/findeg-1260684953/900/900\""]""",t,108,10,f,4.30,112,,2026-02-17 16:04:52.480606,2026-02-17 16:04:52.480606
160,FOAMSHEE-153,131.10,150.76,44,3,"""[\""https://picsum.photos/seed/findeg-1260684952/900/900\""]""",t,109,10,f,4.40,113,,2026-02-17 16:04:52.480606,2026-02-17 16:04:52.480606
161,GLITTER-149,31.90,36.68,45,9,"""[\""https://picsum.photos/seed/findeg-1897601816/900/900\""]""",t,103,10,t,4.80,161,,2026-02-17 16:04:52.480606,2026-02-17 16:04:52.480606
162,GLITTER-151,31.80,36.57,45,1,"""[\""https://picsum.photos/seed/findeg-1897601815/900/900\""]""",t,102,10,t,4.90,160,,2026-02-17 16:04:52.480606,2026-02-17 16:04:52.480606
163,GLITTER-153,31.70,36.45,45,3,"""[\""https://picsum.photos/seed/findeg-1897601814/900/900\""]""",t,101,10,f,3.80,159,,2026-02-17 16:04:52.480606,2026-02-17 16:04:52.480606
164,STICKERS-152,18.60,21.39,46,2,"""[\""https://picsum.photos/seed/findeg-794310645/900/900\""]""",t,90,10,t,4.90,16,,2026-02-17 16:04:52.480606,2026-02-17 16:04:52.480606
165,STICKERS-154,18.50,21.27,46,4,"""[\""https://picsum.photos/seed/findeg-794310644/900/900\""]""",t,89,10,t,4.80,17,,2026-02-17 16:04:52.480606,2026-02-17 16:04:52.480606
166,STICKERS-156,18.40,21.16,46,6,"""[\""https://picsum.photos/seed/findeg-794310643/900/900\""]""",t,88,10,f,4.70,18,,2026-02-17 16:04:52.480606,2026-02-17 16:04:52.480606
167,SCISSORS-155,33.90,38.98,48,5,"""[\""https://picsum.photos/seed/findeg-1421069580/900/900\""]""",t,155,10,t,4.80,85,,2026-02-17 16:04:52.480606,2026-02-17 16:04:52.480606
168,SCISSORS-157,34.00,39.10,48,7,"""[\""https://picsum.photos/seed/findeg-1421069581/900/900\""]""",t,156,10,t,4.90,84,,2026-02-17 16:04:52.480606,2026-02-17 16:04:52.480606
169,SCISSORS-159,34.10,39.21,48,9,"""[\""https://picsum.photos/seed/findeg-1421069582/900/900\""]""",t,157,10,f,3.80,83,,2026-02-17 16:04:52.480606,2026-02-17 16:04:52.480606
170,SCISSORS-161,34.20,39.33,48,1,"""[\""https://picsum.photos/seed/findeg-1421069583/900/900\""]""",t,158,10,f,3.90,82,,2026-02-17 16:04:52.480606,2026-02-17 16:04:52.480606
171,CUTTERS-159,110.00,126.50,49,9,"""[\""https://picsum.photos/seed/findeg-701813899/900/900\""]""",t,112,10,t,4.10,104,,2026-02-17 16:04:52.480606,2026-02-17 16:04:52.480606
172,CUTTERS-161,109.90,126.38,49,1,"""[\""https://picsum.photos/seed/findeg-701813900/900/900\""]""",t,113,10,t,4.00,105,,2026-02-17 16:04:52.480606,2026-02-17 16:04:52.480606
173,CUTTERS-163,109.80,126.27,49,3,"""[\""https://picsum.photos/seed/findeg-701813901/900/900\""]""",t,114,10,f,3.90,106,,2026-02-17 16:04:52.480606,2026-02-17 16:04:52.480606
174,CRAYONS-162,23.30,26.79,51,2,"""[\""https://picsum.photos/seed/findeg-237911236/900/900\""]""",t,169,10,t,4.40,101,,2026-02-17 16:04:52.480606,2026-02-17 16:04:52.480606
175,CRAYONS-164,23.40,26.91,51,4,"""[\""https://picsum.photos/seed/findeg-237911237/900/900\""]""",t,10,10,t,4.30,102,,2026-02-17 16:04:52.480606,2026-02-17 16:04:52.480606
176,CRAYONS-166,23.50,27.02,51,6,"""[\""https://picsum.photos/seed/findeg-237911238/900/900\""]""",t,11,10,f,4.20,103,,2026-02-17 16:04:52.480606,2026-02-17 16:04:52.480606
177,CRAYONS-168,23.60,27.14,51,8,"""[\""https://picsum.photos/seed/findeg-237911239/900/900\""]""",t,12,10,f,4.10,104,,2026-02-17 16:04:52.480606,2026-02-17 16:04:52.480606
178,OILPASTE-166,81.10,93.26,52,6,"""[\""https://picsum.photos/seed/findeg-475118070/900/900\""]""",t,25,10,t,3.80,131,,2026-02-17 16:04:52.480606,2026-02-17 16:04:52.480606
179,OILPASTE-168,81.20,93.38,52,8,"""[\""https://picsum.photos/seed/findeg-475118071/900/900\""]""",t,24,10,t,4.90,130,,2026-02-17 16:04:52.480606,2026-02-17 16:04:52.480606
180,OILPASTE-170,81.30,93.49,52,10,"""[\""https://picsum.photos/seed/findeg-475118072/900/900\""]""",t,23,10,f,4.80,129,,2026-02-17 16:04:52.480606,2026-02-17 16:04:52.480606
181,STAPLERS-169,93.40,107.41,55,9,"""[\""https://picsum.photos/seed/findeg-1124350975/900/900\""]""",t,110,10,t,4.30,30,,2026-02-17 16:04:52.480606,2026-02-17 16:04:52.480606
182,STAPLERS-171,93.50,107.52,55,1,"""[\""https://picsum.photos/seed/findeg-1124350976/900/900\""]""",t,111,10,t,4.40,29,,2026-02-17 16:04:52.480606,2026-02-17 16:04:52.480606
183,STAPLERS-173,93.60,107.64,55,3,"""[\""https://picsum.photos/seed/findeg-1124350977/900/900\""]""",t,112,10,f,4.50,28,,2026-02-17 16:04:52.480606,2026-02-17 16:04:52.480606
184,STAPLERS-175,93.70,107.75,55,5,"""[\""https://picsum.photos/seed/findeg-1124350978/900/900\""]""",t,113,10,f,4.60,27,,2026-02-17 16:04:52.480606,2026-02-17 16:04:52.480606
185,STAPLERS-177,93.80,107.87,55,7,"""[\""https://picsum.photos/seed/findeg-1124350979/900/900\""]""",t,114,10,f,4.70,26,,2026-02-17 16:04:52.480606,2026-02-17 16:04:52.480606
186,STAPLERS-179,93.90,107.98,55,9,"""[\""https://picsum.photos/seed/findeg-1124350980/900/900\""]""",t,115,10,f,4.80,25,,2026-02-17 16:04:52.480606,2026-02-17 16:04:52.480606
187,STAPLERS-181,94.00,108.10,55,1,"""[\""https://picsum.photos/seed/findeg-1124350981/900/900\""]""",t,116,10,f,4.90,24,,2026-02-17 16:04:52.480606,2026-02-17 16:04:52.480606
188,STAPLERS-183,94.10,108.21,55,3,"""[\""https://picsum.photos/seed/findeg-1124350982/900/900\""]""",t,117,10,f,3.80,23,,2026-02-17 16:04:52.480606,2026-02-17 16:04:52.480606
189,HOLEPUNC-177,63.50,73.02,56,7,"""[\""https://picsum.photos/seed/findeg-1950618044/900/900\""]""",t,129,10,t,4.80,13,,2026-02-17 16:04:52.480606,2026-02-17 16:04:52.480606
190,HOLEPUNC-179,63.40,72.91,56,9,"""[\""https://picsum.photos/seed/findeg-1950618045/900/900\""]""",t,130,10,t,4.70,14,,2026-02-17 16:04:52.480606,2026-02-17 16:04:52.480606
191,HOLEPUNC-181,63.30,72.79,56,1,"""[\""https://picsum.photos/seed/findeg-1950618046/900/900\""]""",t,131,10,f,4.60,15,,2026-02-17 16:04:52.480606,2026-02-17 16:04:52.480606
192,HOLEPUNC-183,63.20,72.68,56,3,"""[\""https://picsum.photos/seed/findeg-1950618047/900/900\""]""",t,132,10,f,4.50,16,,2026-02-17 16:04:52.480606,2026-02-17 16:04:52.480606
193,CLIPS-181,111.90,128.69,57,1,"""[\""https://picsum.photos/seed/findeg-166320762/900/900\""]""",t,95,10,t,3.80,71,,2026-02-17 16:04:52.480606,2026-02-17 16:04:52.480606
194,CLIPS-183,112.00,128.80,57,3,"""[\""https://picsum.photos/seed/findeg-166320763/900/900\""]""",t,96,10,t,4.90,70,,2026-02-17 16:04:52.480606,2026-02-17 16:04:52.480606
195,CLIPS-185,112.10,128.91,57,5,"""[\""https://picsum.photos/seed/findeg-166320764/900/900\""]""",t,97,10,f,4.80,69,,2026-02-17 16:04:52.480606,2026-02-17 16:04:52.480606
196,CLIPS-187,112.20,129.03,57,7,"""[\""https://picsum.photos/seed/findeg-166320765/900/900\""]""",t,98,10,f,4.70,68,,2026-02-17 16:04:52.480606,2026-02-17 16:04:52.480606
197,ENVELOPE-185,22.30,25.64,59,5,"""[\""https://picsum.photos/seed/findeg-52938106/900/900\""]""",t,159,10,t,3.80,99,,2026-02-17 16:04:52.480606,2026-02-17 16:04:52.480606
198,ENVELOPE-187,22.40,25.76,59,7,"""[\""https://picsum.photos/seed/findeg-52938107/900/900\""]""",t,160,10,t,3.90,100,,2026-02-17 16:04:52.480606,2026-02-17 16:04:52.480606
199,ENVELOPE-189,22.50,25.87,59,9,"""[\""https://picsum.photos/seed/findeg-52938108/900/900\""]""",t,161,10,f,4.00,101,,2026-02-17 16:04:52.480606,2026-02-17 16:04:52.480606
200,ENVELOPE-191,22.60,25.99,59,1,"""[\""https://picsum.photos/seed/findeg-52938109/900/900\""]""",t,162,10,f,4.10,102,,2026-02-17 16:04:52.480606,2026-02-17 16:04:52.480606
201,LABELS2-189,81.20,93.38,61,9,"""[\""https://picsum.photos/seed/findeg-1232109671/900/900\""]""",t,76,10,t,3.90,140,,2026-02-17 16:04:52.480606,2026-02-17 16:04:52.480606
202,LABELS2-191,81.10,93.26,61,1,"""[\""https://picsum.photos/seed/findeg-1232109670/900/900\""]""",t,75,10,t,3.80,139,,2026-02-17 16:04:52.480606,2026-02-17 16:04:52.480606
203,LABELS2-193,81.00,93.15,61,3,"""[\""https://picsum.photos/seed/findeg-1232109669/900/900\""]""",t,74,10,f,4.90,138,,2026-02-17 16:04:52.480606,2026-02-17 16:04:52.480606
204,STANDS-192,127.30,146.39,64,2,"""[\""https://picsum.photos/seed/findeg-1254960786/900/900\""]""",t,129,10,t,4.20,27,,2026-02-17 16:04:52.480606,2026-02-17 16:04:52.480606
205,STANDS-194,127.40,146.51,64,4,"""[\""https://picsum.photos/seed/findeg-1254960787/900/900\""]""",t,130,10,t,4.10,26,,2026-02-17 16:04:52.480606,2026-02-17 16:04:52.480606
206,STANDS-196,127.50,146.63,64,6,"""[\""https://picsum.photos/seed/findeg-1254960788/900/900\""]""",t,131,10,f,4.00,25,,2026-02-17 16:04:52.480606,2026-02-17 16:04:52.480606
207,STANDS-198,127.60,146.74,64,8,"""[\""https://picsum.photos/seed/findeg-1254960789/900/900\""]""",t,132,10,f,3.90,24,,2026-02-17 16:04:52.480606,2026-02-17 16:04:52.480606
208,STANDS-200,127.70,146.85,64,10,"""[\""https://picsum.photos/seed/findeg-1254960790/900/900\""]""",t,133,10,f,3.80,23,,2026-02-17 16:04:52.480606,2026-02-17 16:04:52.480606
209,STANDS-202,127.80,146.97,64,2,"""[\""https://picsum.photos/seed/findeg-1254960791/900/900\""]""",t,134,10,f,4.90,22,,2026-02-17 16:04:52.480606,2026-02-17 16:04:52.480606
210,STANDS-204,127.90,147.09,64,4,"""[\""https://picsum.photos/seed/findeg-1254960792/900/900\""]""",t,135,10,f,4.80,21,,2026-02-17 16:04:52.480606,2026-02-17 16:04:52.480606
211,STANDS-206,128.00,147.20,64,6,"""[\""https://picsum.photos/seed/findeg-1254960793/900/900\""]""",t,136,10,f,4.70,20,,2026-02-17 16:04:52.480606,2026-02-17 16:04:52.480606
212,CABINETS-200,80.50,92.57,66,10,"""[\""https://picsum.photos/seed/findeg-161934064/900/900\""]""",t,31,10,t,4.40,57,,2026-02-17 16:04:52.480606,2026-02-17 16:04:52.480606
213,CABINETS-202,80.40,92.46,66,2,"""[\""https://picsum.photos/seed/findeg-161934063/900/900\""]""",t,32,10,t,4.30,58,,2026-02-17 16:04:52.480606,2026-02-17 16:04:52.480606
214,CABINETS-204,80.30,92.34,66,4,"""[\""https://picsum.photos/seed/findeg-161934062/900/900\""]""",t,33,10,f,4.20,59,,2026-02-17 16:04:52.480606,2026-02-17 16:04:52.480606
215,CABINETS-206,80.20,92.23,66,6,"""[\""https://picsum.photos/seed/findeg-161934061/900/900\""]""",t,34,10,f,4.10,60,,2026-02-17 16:04:52.480606,2026-02-17 16:04:52.480606
216,BLANKETS-204,19.20,22.08,69,4,"""[\""https://picsum.photos/seed/findeg-58729851/900/900\""]""",t,84,10,t,4.30,10,,2026-02-17 16:04:52.480606,2026-02-17 16:04:52.480606
217,BLANKETS-206,19.10,21.96,69,6,"""[\""https://picsum.photos/seed/findeg-58729850/900/900\""]""",t,85,10,t,4.20,11,,2026-02-17 16:04:52.480606,2026-02-17 16:04:52.480606
218,BLANKETS-208,19.00,21.85,69,8,"""[\""https://picsum.photos/seed/findeg-58729849/900/900\""]""",t,86,10,f,4.10,12,,2026-02-17 16:04:52.480606,2026-02-17 16:04:52.480606
219,BLANKETS-210,18.90,21.73,69,10,"""[\""https://picsum.photos/seed/findeg-58729848/900/900\""]""",t,87,10,f,4.00,13,,2026-02-17 16:04:52.480606,2026-02-17 16:04:52.480606
220,BUCKETS-208,29.30,33.70,70,8,"""[\""https://picsum.photos/seed/findeg-49004896/900/900\""]""",t,69,10,t,4.40,161,,2026-02-17 16:04:52.480606,2026-02-17 16:04:52.480606
221,BUCKETS-210,29.40,33.81,70,10,"""[\""https://picsum.photos/seed/findeg-49004897/900/900\""]""",t,70,10,t,4.30,162,,2026-02-17 16:04:52.480606,2026-02-17 16:04:52.480606
222,BUCKETS-212,29.50,33.92,70,2,"""[\""https://picsum.photos/seed/findeg-49004898/900/900\""]""",t,71,10,f,4.20,163,,2026-02-17 16:04:52.480606,2026-02-17 16:04:52.480606
223,RUGS-211,24.10,27.71,71,1,"""[\""https://picsum.photos/seed/findeg-2050796316/900/900\""]""",t,83,10,t,4.00,117,,2026-02-17 16:04:52.480606,2026-02-17 16:04:52.480606
224,RUGS-213,24.00,27.60,71,3,"""[\""https://picsum.photos/seed/findeg-2050796315/900/900\""]""",t,84,10,t,4.10,118,,2026-02-17 16:04:52.480606,2026-02-17 16:04:52.480606
225,RUGS-215,23.90,27.48,71,5,"""[\""https://picsum.photos/seed/findeg-2050796314/900/900\""]""",t,85,10,f,4.20,119,,2026-02-17 16:04:52.480606,2026-02-17 16:04:52.480606
226,CUPS-214,18.70,21.50,73,4,"""[\""https://picsum.photos/seed/findeg-1815001834/900/900\""]""",t,57,10,t,4.20,79,,2026-02-17 16:04:52.480606,2026-02-17 16:04:52.480606
227,CUPS-216,18.60,21.39,73,6,"""[\""https://picsum.photos/seed/findeg-1815001835/900/900\""]""",t,58,10,t,4.10,78,,2026-02-17 16:04:52.480606,2026-02-17 16:04:52.480606
228,CUPS-218,18.50,21.27,73,8,"""[\""https://picsum.photos/seed/findeg-1815001836/900/900\""]""",t,59,10,f,4.00,77,,2026-02-17 16:04:52.480606,2026-02-17 16:04:52.480606
229,CUPS-220,18.40,21.16,73,10,"""[\""https://picsum.photos/seed/findeg-1815001837/900/900\""]""",t,60,10,f,3.90,76,,2026-02-17 16:04:52.480606,2026-02-17 16:04:52.480606
230,MUGS-218,39.60,45.54,74,8,"""[\""https://picsum.photos/seed/findeg-2101025225/900/900\""]""",t,88,10,t,4.10,108,,2026-02-17 16:04:52.480606,2026-02-17 16:04:52.480606
231,MUGS-220,39.50,45.42,74,10,"""[\""https://picsum.photos/seed/findeg-2101025226/900/900\""]""",t,89,10,t,4.20,107,,2026-02-17 16:04:52.480606,2026-02-17 16:04:52.480606
232,MUGS-222,39.40,45.31,74,2,"""[\""https://picsum.photos/seed/findeg-2101025227/900/900\""]""",t,90,10,f,4.30,106,,2026-02-17 16:04:52.480606,2026-02-17 16:04:52.480606
233,MUGS-224,39.30,45.19,74,4,"""[\""https://picsum.photos/seed/findeg-2101025228/900/900\""]""",t,91,10,f,4.40,105,,2026-02-17 16:04:52.480606,2026-02-17 16:04:52.480606
234,PLATES-222,82.50,94.87,76,2,"""[\""https://picsum.photos/seed/findeg-1816973138/900/900\""]""",t,115,10,t,4.20,55,,2026-02-17 16:04:52.480606,2026-02-17 16:04:52.480606
235,PLATES-224,82.60,94.99,76,4,"""[\""https://picsum.photos/seed/findeg-1816973139/900/900\""]""",t,114,10,t,4.30,54,,2026-02-17 16:04:52.480606,2026-02-17 16:04:52.480606
236,PLATES-226,82.70,95.10,76,6,"""[\""https://picsum.photos/seed/findeg-1816973140/900/900\""]""",t,113,10,f,4.40,53,,2026-02-17 16:04:52.480606,2026-02-17 16:04:52.480606
237,PLATES-228,82.80,95.22,76,8,"""[\""https://picsum.photos/seed/findeg-1816973141/900/900\""]""",t,112,10,f,4.50,52,,2026-02-17 16:04:52.480606,2026-02-17 16:04:52.480606
238,HOLDERS-226,128.30,147.54,79,6,"""[\""https://picsum.photos/seed/findeg-580612514/900/900\""]""",t,81,10,t,3.80,71,,2026-02-17 16:04:52.480606,2026-02-17 16:04:52.480606
239,HOLDERS-228,128.40,147.66,79,8,"""[\""https://picsum.photos/seed/findeg-580612513/900/900\""]""",t,80,10,t,4.90,72,,2026-02-17 16:04:52.480606,2026-02-17 16:04:52.480606
240,HOLDERS-230,128.50,147.77,79,10,"""[\""https://picsum.photos/seed/findeg-580612512/900/900\""]""",t,79,10,f,4.80,73,,2026-02-17 16:04:52.480606,2026-02-17 16:04:52.480606
241,HOLDERS-232,128.60,147.89,79,2,"""[\""https://picsum.photos/seed/findeg-580612511/900/900\""]""",t,78,10,f,4.70,74,,2026-02-17 16:04:52.480606,2026-02-17 16:04:52.480606
